Frame_Number,Time_Sec,Processing_Time_ms,FPS,Object_ID,Bbox_X,Bbox_Y,A_real,Distance_Est,v_x,v_z,omega_z,current_pitch_rad,Pipeline_Latency_ms
1,5.844,819.2,0.0,-1,0,0,0,0.0,0.0,0.0,0.0,0.0,0.0
2,6.668,61.2,1.2,-1,0,0,0,0.0,0.0,0.0,0.0,0.0,0.0
3,6.735,59.9,15.0,-1,0,0,0,0.0,0.0,0.0,0.0,0.0,0.0
4,6.8,57.6,15.3,-1,0,0,0,0.0,0.0,0.0,0.0,0.0,0.0
5,6.864,58.8,15.9,-1,0,0,0,0.0,0.0,0.0,0.0,0.0,0.0
6,6.928,58.9,15.6,-1,0,0,0,0.0,0.0,0.0,0.0,0.0,0.0
7,6.992,68.5,15.5,-1,0,0,0,0.0,0.0,0.0,0.0,0.0,0.0
8,7.066,69.3,13.5,-1,0,0,0,0.0,0.0,0.0,0.0,0.0,0.0
9,7.142,63.9,13.2,-1,0,0,0,0.0,0.0,0.0,0.0,0.0,0.0
10,7.211,63.2,14.4,-1,0,0,0,0.0,0.0,0.0,0.0,0.0,0.0
11,7.28,61.5,14.6,-1,0,0,0,0.0,0.0,0.0,0.0,0.0,0.0
12,7.347,57.3,14.9,-1,0,0,0,0.0,0.0,0.0,0.0,0.0,0.0
13,7.41,76.3,15.9,-1,0,0,0,0.0,0.0,0.0,0.0,0.0,0.0
14,7.491,58.4,12.2,-1,0,0,0,0.0,0.0,0.0,0.0,0.0,0.0
15,7.555,60.4,15.6,-1,0,0,0,0.0,0.0,0.0,0.0,0.0,0.0
16,7.621,60.8,15.2,-1,0,0,0,0.0,0.0,0.0,0.0,0.0,0.0
17,7.688,65.7,15.0,-1,0,0,0,0.0,0.0,0.0,0.0,0.0,0.0
18,7.759,64.8,14.0,-1,0,0,0,0.0,0.0,0.0,0.0,0.0,0.0
19,7.829,56.1,14.2,-1,0,0,0,0.0,0.0,0.0,0.0,0.0,0.0
20,7.891,56.4,16.2,-1,0,0,0,0.0,0.0,0.0,0.0,0.0,0.0
21,7.953,57.3,16.2,-1,0,0,0,0.0,0.0,0.0,0.0,0.0,0.0
22,8.016,56.5,15.9,-1,0,0,0,0.0,0.0,0.0,0.0,0.0,0.0
23,8.078,57.7,16.1,-1,0,0,0,0.0,0.0,0.0,0.0,0.0,0.0
24,8.141,55.9,15.8,-1,0,0,0,0.0,0.0,0.0,0.0,0.0,0.0
25,8.203,56.3,16.3,-1,0,0,0,0.0,0.0,0.0,0.0,0.0,0.0
26,8.264,57.9,16.2,-1,0,0,0,0.0,0.0,0.0,0.0,0.0,0.0
27,8.328,56.7,15.7,-1,0,0,0,0.0,0.0,0.0,0.0,0.0,0.0
28,8.39,55.6,16.1,-1,0,0,0,0.0,0.0,0.0,0.0,0.0,0.0
29,8.451,56.1,16.3,-1,0,0,0,0.0,0.0,0.0,0.0,0.0,0.0
30,8.513,57.8,16.2,-1,0,0,0,0.0,0.0,0.0,0.0,0.0,0.0
31,8.576,58.2,15.8,-1,0,0,0,0.0,0.0,0.0,0.0,0.0,0.0
32,8.64,56.7,15.7,-1,0,0,0,0.0,0.0,0.0,0.0,0.0,0.0
33,8.702,58.9,16.1,-1,0,0,0,0.0,0.0,0.0,0.0,0.0,0.0
34,8.767,59.7,15.5,-1,0,0,0,0.0,0.0,0.0,0.0,0.0,0.0
35,8.832,59.9,15.3,-1,0,0,0,0.0,0.0,0.0,0.0,0.0,0.0
36,8.897,63.3,15.3,-1,0,0,0,0.0,0.0,0.0,0.0,0.0,0.0
37,8.966,59.7,14.6,-1,0,0,0,0.0,0.0,0.0,0.0,0.0,0.0
38,9.031,56.9,15.3,-1,0,0,0,0.0,0.0,0.0,0.0,0.0,0.0
39,9.094,56.4,16.0,-1,0,0,0,0.0,0.0,0.0,0.0,0.0,0.0
40,9.155,56.9,16.1,-1,0,0,0,0.0,0.0,0.0,0.0,0.0,0.0
41,9.218,58.8,16.0,-1,0,0,0,0.0,0.0,0.0,0.0,0.0,0.0
42,9.282,58.6,15.5,-1,0,0,0,0.0,0.0,0.0,0.0,0.0,0.0
43,9.347,57.9,15.6,-1,0,0,0,0.0,0.0,0.0,0.0,0.0,0.0
44,9.41,57.1,15.8,-1,0,0,0,0.0,0.0,0.0,0.0,0.0,0.0
45,9.473,57.1,16.0,-1,0,0,0,0.0,0.0,0.0,0.0,0.0,0.0
46,9.535,56.9,16.0,-1,0,0,0,0.0,0.0,0.0,0.0,0.0,0.0
47,9.598,57.8,16.0,-1,0,0,0,0.0,0.0,0.0,0.0,0.0,0.0
48,9.661,57.1,15.8,-1,0,0,0,0.0,0.0,0.0,0.0,0.0,0.0
49,9.723,58.8,16.0,-1,0,0,0,0.0,0.0,0.0,0.0,0.0,0.0
50,9.788,57.3,15.5,-1,0,0,0,0.0,0.0,0.0,0.0,0.0,0.0
51,9.851,57.5,15.9,-1,0,0,0,0.0,0.0,0.0,0.0,0.0,0.0
52,9.914,58.1,15.8,-1,0,0,0,0.0,0.0,0.0,0.0,0.0,0.0
53,9.978,58.8,15.7,-1,0,0,0,0.0,0.0,0.0,0.0,0.0,0.0
54,10.042,57.7,15.6,-1,0,0,0,0.0,0.0,0.0,0.0,0.0,0.0
55,10.105,58.0,15.8,-1,0,0,0,0.0,0.0,0.0,0.0,0.0,0.0
56,10.168,74.0,15.7,-1,0,0,0,0.0,0.0,0.0,0.0,0.0,0.0
57,10.248,88.0,12.6,-1,0,0,0,0.0,0.0,0.0,0.0,0.0,0.0
58,10.341,102.2,10.7,-1,0,0,0,0.0,0.0,0.0,0.0,0.0,0.0
59,10.449,126.0,9.3,-1,0,0,0,0.0,0.0,0.0,0.0,0.0,0.0
60,10.581,111.2,7.6,-1,0,0,0,0.0,0.0,0.0,0.0,0.0,0.0
61,10.697,121.3,8.6,-1,0,0,0,0.0,0.0,0.0,0.0,0.0,0.0
62,10.824,121.8,7.9,-1,0,0,0,0.0,0.0,0.0,0.0,0.0,0.0
63,10.952,107.5,7.9,-1,0,0,0,0.0,0.0,0.0,0.0,0.0,0.0
64,11.065,137.9,8.8,-1,0,0,0,0.0,0.0,0.0,0.0,0.0,0.0
65,11.208,107.4,7.0,-1,0,0,0,0.0,0.0,0.0,0.0,0.0,0.0
66,11.321,116.4,8.8,-1,0,0,0,0.0,0.0,0.0,0.0,0.0,0.0
67,11.443,108.6,8.2,-1,0,0,0,0.0,0.0,0.0,0.0,0.0,0.0
68,11.557,113.1,8.8,-1,0,0,0,0.0,0.0,0.0,0.0,0.0,0.0
69,11.676,114.4,8.4,-1,0,0,0,0.0,0.0,0.0,0.0,0.0,0.0
70,11.796,95.6,8.3,-1,0,0,0,0.0,0.0,0.0,0.0,0.0,0.0
71,11.897,105.2,9.9,-1,0,0,0,0.0,0.0,0.0,0.0,0.0,0.0
72,12.007,109.4,9.0,-1,0,0,0,0.0,0.0,0.0,0.0,0.0,0.0
73,12.122,74.5,8.7,-1,0,0,0,0.0,0.0,0.0,0.0,0.0,0.0
74,12.202,113.1,12.5,-1,0,0,0,0.0,0.0,0.0,0.0,0.0,0.0
75,12.321,78.6,8.4,-1,0,0,0,0.0,0.0,0.0,0.0,0.0,0.0
76,12.405,77.8,11.9,1,786,677,210905.0,0.8945,0.3876,0.3731,0.2281,0.037343,79.5
77,12.49,78.1,11.7,1,789,687,210622.2,0.8951,0.3884,0.4061,0.2355,0.037255,80.7
78,12.576,83.1,11.6,1,794,707,227729.02,0.8608,0.3387,0.4591,0.245,0.037071,84.2
79,12.666,86.4,11.1,-1,0,0,0,0.0,0.0,0.0,0.0,0.0,0.0
80,12.759,72.5,10.8,-1,0,0,0,0.0,0.0,0.0,0.0,0.0,0.0
81,12.837,73.4,12.8,1,724,711,208317.02,0.9,0.3951,0.4459,0.1096,0.037027,76.0
82,12.919,93.2,12.2,1,742,660,198561.75,0.9219,0.4234,0.2848,0.1734,0.037141,94.4
83,13.019,84.7,10.0,1,759,661,202537.47,0.9128,0.4119,0.3407,0.2003,0.037393,86.7
84,13.111,75.8,10.8,1,748,651,207147.16,0.9026,0.3985,0.3058,0.1584,0.037703,77.3
85,13.194,79.9,12.1,1,747,636,209298.14,0.8979,0.3923,0.2692,0.1663,0.037751,81.1
86,13.282,77.0,11.5,1,764,623,215637.7,0.8846,0.3739,0.2445,0.2093,0.037615,79.5
87,13.367,74.7,11.7,1,765,616,216284.6,0.8833,0.372,0.2367,0.1963,0.037649,75.8
88,13.448,81.6,12.3,1,742,594,211583.42,0.8931,0.3856,0.1741,0.1394,0.037755,84.0
89,13.538,91.6,11.1,1,691,609,210604.0,0.8951,0.3885,0.2467,0.0393,0.037855,92.8
90,13.637,77.3,10.2,1,689,617,209332.36,0.8978,0.3922,0.2578,0.0747,0.037653,78.6
91,13.721,80.7,11.9,1,701,617,212287.45,0.8916,0.3836,0.2479,0.1059,0.037571,83.2
92,13.81,75.8,11.3,1,697,614,213234.77,0.8896,0.3808,0.2376,0.0853,0.037707,76.9
93,13.892,75.3,12.1,1,695,608,212559.77,0.891,0.3828,0.2213,0.0841,0.037826,77.7
94,13.976,75.8,12.0,1,703,596,213391.39,0.8893,0.3804,0.1891,0.106,0.037574,76.9
95,14.059,78.6,12.1,1,710,568,213931.58,0.8881,0.3788,0.112,0.1157,0.037541,80.6
96,14.145,79.4,11.6,1,713,557,214727.19,0.8865,0.3765,0.1093,0.1168,0.037753,81.0
97,14.232,85.6,11.5,1,707,547,216524.64,0.8828,0.3713,0.0904,0.0996,0.037841,86.8
98,14.324,79.5,10.8,1,701,549,216206.77,0.8835,0.3722,0.1081,0.09,0.037956,81.9
99,14.412,78.0,11.4,1,697,545,214645.75,0.8867,0.3767,0.0924,0.0854,0.038038,79.2
100,14.497,78.2,11.8,1,696,549,214491.94,0.887,0.3772,0.1107,0.0866,0.037939,80.7
101,14.583,80.5,11.6,1,682,538,208968.2,0.8986,0.3932,0.0693,0.0531,0.038225,81.6
102,14.671,83.2,11.5,1,677,525,206912.16,0.9031,0.3992,0.0408,0.0535,0.038056,84.4
103,14.761,78.0,11.1,1,678,519,207243.58,0.9024,0.3982,0.0361,0.0603,0.037957,80.4
104,14.847,85.0,11.6,1,673,522,206847.6,0.9032,0.3994,0.053,0.0473,0.03789,86.1
105,14.939,83.3,10.9,1,678,528,207703.84,0.9014,0.3969,0.0686,0.0637,0.038129,84.8
106,15.029,78.3,11.1,1,672,531,211626.44,0.893,0.3855,0.0721,0.0446,0.037909,80.8
107,15.116,79.4,11.5,1,670,523,211549.14,0.8931,0.3857,0.0418,0.0451,0.038102,81.7
108,15.203,80.3,11.4,1,674,515,213101.67,0.8899,0.3812,0,0.0567,0.03779,82.8
109,15.292,79.5,11.3,1,668,496,211975.78,0.8922,0.3845,0,0.0384,0.037784,82.0
110,15.38,84.7,11.4,1,668,473,214141.53,0.8877,0.3782,-0.0785,0.0437,0.037969,87.2
111,15.473,81.7,10.8,1,670,471,214741.02,0.8865,0.3765,-0.0588,0.0486,0.037776,84.1
112,15.562,82.8,11.1,1,666,455,208511.3,0.8996,0.3945,-0.1082,0.0372,0.037775,85.4
113,15.654,81.8,11.0,1,645,437,203714.56,0.9101,0.4085,-0.1477,0,0.037487,84.3
114,15.744,79.5,11.1,1,627,437,201877.55,0.9143,0.4138,-0.1268,-0.0363,0.037318,81.9
115,15.832,78.5,11.4,1,616,451,199274.9,0.9202,0.4214,-0.081,-0.0474,0.03732,81.1
116,15.919,74.0,11.5,1,602,458,201020.72,0.9162,0.4163,-0.0745,-0.0727,0.037428,76.4
117,16.001,73.9,12.2,1,581,457,198218.38,0.9227,0.4244,-0.0866,-0.1122,0.037428,76.3
118,16.083,76.1,12.2,1,566,452,197093.6,0.9253,0.4277,-0.1018,-0.1297,0.037276,77.1
119,16.166,72.8,12.1,1,550,466,203147.78,0.9114,0.4101,-0.0482,-0.1563,0.037276,73.9
120,16.245,72.4,12.6,1,522,463,198353.2,0.9224,0.424,-0.0766,-0.2115,0.037276,74.8
121,16.326,74.4,12.4,1,500,457,196348.25,0.9271,0.4299,-0.0928,-0.2399,0.037189,75.3
122,16.407,81.3,12.3,1,495,453,196789.16,0.926,0.4286,-0.0982,-0.231,0.037189,82.5
123,16.496,78.2,11.3,1,479,445,197932.19,0.9233,0.4253,-0.1198,-0.266,0.037189,80.7
124,16.582,80.9,11.5,1,455,432,202952.97,0.9119,0.4107,-0.1527,-0.3104,0.037223,81.9
125,16.67,81.0,11.4,1,433,423,205786.94,0.9056,0.4025,-0.1667,-0.343,0.037223,82.1
126,16.758,81.7,11.4,1,418,422,210354.3,0.8957,0.3892,-0.1592,-0.3599,0.037223,84.0
127,16.848,77.7,11.1,1,389,437,215291.34,0.8853,0.3749,-0.1088,-0.419,0.037466,78.7
128,16.932,77.5,11.8,1,376,441,218915.9,0.878,0.3643,-0.1139,-0.4244,0.037466,80.0
129,17.018,78.5,11.6,1,362,448,218535.27,0.8787,0.3654,-0.0956,-0.4472,0.037466,79.5
130,17.103,81.8,11.7,1,359,455,216248.1,0.8834,0.3721,-0.0822,-0.4417,0.037991,82.8
131,17.192,87.4,11.3,1,362,473,211615.94,0.893,0.3855,-0.033,-0.4319,0.037991,89.9
132,17.288,80.2,10.4,1,362,473,207275.7,0.9023,0.3981,-0.0532,-0.4344,0.038373,81.2
133,17.375,81.2,11.5,1,354,467,205472.78,0.9062,0.4034,-0.0726,-0.454,0.038373,82.4
134,17.463,76.7,11.3,-1,0,0,0,0.0,0.0,0.0,0.0,0.0,0.0
135,17.545,80.4,12.1,1,337,469,207060.78,0.9028,0.3988,-0.0602,-0.4812,0.03849,82.7
136,17.634,83.4,11.3,1,336,473,207118.58,0.9026,0.3986,-0.0485,-0.4759,0.03849,85.8
137,17.726,81.4,10.9,1,339,473,205852.44,0.9054,0.4023,-0.0531,-0.4677,0.03849,82.3
138,17.814,80.4,11.4,1,341,472,204044.9,0.9094,0.4075,-0.0564,-0.4654,0.038499,81.4
139,17.901,78.8,11.5,1,339,472,203863.56,0.9098,0.408,-0.0552,-0.4721,0.038499,81.3
140,17.988,85.9,11.5,1,356,496,205176.33,0.9069,0.4042,0,-0.4294,0.038389,86.9
141,18.081,77.0,10.8,1,394,520,208997.66,0.8986,0.3931,0.0747,-0.349,0.038389,78.1
142,18.164,101.5,11.9,1,465,575,207746.52,0.9013,0.3968,0.2118,-0.2228,0.038389,103.8
143,18.274,99.5,9.1,1,512,607,198846.55,0.9212,0.4226,0.2573,-0.1654,0.038578,100.5
144,18.38,72.4,9.4,1,534,608,192620.56,0.936,0.4407,0.2294,-0.1444,0.038578,74.9
145,18.461,72.7,12.4,1,547,611,192333.3,0.9367,0.4415,0.2383,-0.1325,0.038578,73.6
146,18.54,72.8,12.6,1,564,621,194195.67,0.9322,0.4361,0.2683,-0.102,0.038583,73.8
147,18.62,71.4,12.6,1,567,616,193470.02,0.9339,0.4382,0.2382,-0.1111,0.038583,73.8
148,18.699,74.9,12.6,1,568,610,193518.9,0.9338,0.4381,0.2246,-0.1115,0.038583,75.8
149,18.781,75.1,12.2,1,570,606,195126.25,0.93,0.4334,0.2182,-0.1075,0.038976,76.1
150,18.863,73.8,12.2,1,575,608,195303.0,0.9295,0.4329,0.2302,-0.0968,0.038976,76.2
151,18.945,74.7,12.2,1,580,607,195742.66,0.9285,0.4316,0.2243,-0.0889,0.038976,75.6
152,19.026,76.4,12.3,1,587,611,196987.27,0.9256,0.428,0.239,-0.0762,0.03895,77.4
153,19.109,73.0,12.0,1,591,612,197636.66,0.924,0.4261,0.2373,-0.0727,0.03895,75.6
154,19.19,75.5,12.3,1,602,612,197757.9,0.9238,0.4258,0.236,-0.0489,0.03895,76.4
155,19.273,74.5,12.2,1,609,613,198046.95,0.9231,0.4249,0.239,-0.0417,0.039186,75.5
156,19.354,72.6,12.3,1,610,613,198280.14,0.9225,0.4243,0.2379,-0.0459,0.039186,75.0
157,19.435,72.8,12.4,1,607,612,198425.9,0.9222,0.4238,0.2345,-0.0545,0.039186,73.8
158,19.514,74.1,12.6,1,604,611,199146.67,0.9205,0.4217,0.2326,-0.0591,0.039086,75.0
159,19.595,75.5,12.4,1,601,608,200144.33,0.9182,0.4188,0.2238,-0.0637,0.039086,77.8
160,19.679,76.3,12.0,1,596,606,202276.17,0.9134,0.4126,0.2206,-0.0735,0.039234,77.2
161,19.762,74.1,12.1,1,592,604,203119.38,0.9115,0.4102,0.2165,-0.0789,0.039234,75.2
162,19.842,75.8,12.4,1,584,596,203774.08,0.91,0.4083,0.1925,-0.095,0.039234,78.1
163,19.926,75.6,11.9,1,579,589,204721.58,0.9079,0.4055,0.1789,-0.1,0.039286,76.6
164,20.009,75.6,12.2,1,579,581,204580.81,0.9082,0.406,0.161,-0.0953,0.039286,76.7
165,20.091,74.7,12.1,1,585,583,205954.11,0.9052,0.402,0.1778,-0.0803,0.039286,77.1
166,20.174,78.4,12.1,1,603,588,208250.8,0.9002,0.3953,0.1918,-0.0413,0.039299,79.4
167,20.259,71.1,11.7,1,610,594,212205.28,0.8918,0.3838,0.2062,-0.0399,0.039299,72.3
168,20.337,77.0,12.8,1,613,594,212812.38,0.8905,0.3821,0.1982,-0.0394,0.039299,79.3
169,20.422,74.3,11.7,1,611,592,213355.38,0.8893,0.3805,0.1917,-0.0472,0.03915,75.4
170,20.503,76.1,12.3,1,608,587,212840.8,0.8904,0.382,0.1775,-0.0528,0.03915,77.3
171,20.586,75.4,12.1,1,607,571,210759.56,0.8948,0.388,0.1304,-0.0525,0.03915,77.7
172,20.67,82.3,12.0,1,602,544,209622.94,0.8972,0.3913,0.0621,-0.0638,0.039451,83.3
173,20.759,88.0,11.2,1,599,519,208790.38,0.899,0.3937,0,-0.0665,0.039451,90.4
174,20.855,79.0,10.4,1,601,514,210488.38,0.8954,0.3888,0,-0.0591,0.039451,79.8
175,20.941,81.7,11.7,1,608,516,212103.0,0.892,0.3841,0.038,-0.0438,0.039392,82.7
176,21.029,81.0,11.3,1,611,518,213424.28,0.8892,0.3803,0.0421,-0.0427,0.039392,83.5
177,21.119,79.0,11.2,1,620,517,213985.28,0.888,0.3787,0.0359,0,0.039768,80.0
178,21.204,78.9,11.7,1,632,524,214555.55,0.8869,0.377,0.0604,0,0.039768,80.0
179,21.29,81.9,11.7,1,640,531,215271.72,0.8854,0.3749,0.0746,0,0.039768,84.2
180,21.38,76.7,11.1,1,645,537,216289.47,0.8833,0.372,0.0867,0,0.039631,77.6
181,21.464,76.3,12.0,1,649,540,216485.9,0.8829,0.3714,0.0891,0,0.039631,77.6
182,21.547,79.2,12.0,1,652,546,217344.7,0.8811,0.3689,0.105,0,0.039631,81.6
183,21.635,76.9,11.4,1,649,550,218509.2,0.8788,0.3655,0.1116,0,0.039346,78.0
184,21.719,77.0,11.9,1,642,549,220538.36,0.8747,0.3596,0.1032,0,0.039346,79.4
185,21.804,77.0,11.7,1,638,538,220921.69,0.874,0.3585,0.0678,0,0.039346,77.9
186,21.888,77.5,11.9,1,639,535,221915.27,0.872,0.3556,0.0709,0,0.039759,78.5
187,21.973,76.5,11.9,1,644,537,223438.08,0.869,0.3512,0.0814,0,0.039759,78.8
188,22.057,79.7,11.8,1,656,543,224010.03,0.8679,0.3495,0.0987,0.0359,0.039759,80.5
189,22.143,76.3,11.6,1,657,543,222531.72,0.8708,0.3538,0.0921,0,0.039344,77.3
190,22.226,77.0,12.0,1,659,543,219802.12,0.8762,0.3618,0.0919,0.0315,0.039344,79.4
191,22.312,76.0,11.7,1,660,543,218344.25,0.8791,0.366,0.0919,0.0322,0.039344,76.8
192,22.394,75.0,12.1,1,660,543,217516.44,0.8808,0.3684,0.0921,0.0312,0.039226,75.9
193,22.476,77.3,12.2,1,661,547,219472.83,0.8769,0.3627,0.1052,0.0337,0.039226,79.8
194,22.561,78.1,11.7,1,659,545,221309.48,0.8732,0.3574,0.0937,0,0.039244,79.1
195,22.646,76.2,11.8,1,655,539,222284.78,0.8713,0.3546,0.0761,0,0.039244,77.3
196,22.729,75.1,12.0,1,654,535,222995.69,0.8699,0.3525,0.0703,0,0.039244,77.3
197,22.812,77.4,12.0,1,655,528,224654.0,0.8667,0.3477,0.0525,0,0.038957,78.4
198,22.896,76.4,11.9,-1,0,0,0,0.0,0.0,0.0,0.0,0.0,0.0
199,22.979,79.1,12.1,1,647,511,224460.2,0.8671,0.3482,0,0,0.038957,81.5
200,23.066,80.3,11.5,1,646,506,223739.92,0.8685,0.3503,0,0,0.038753,81.4
201,23.153,79.0,11.5,1,645,503,223072.86,0.8698,0.3523,0,0,0.038753,80.1
202,23.239,81.3,11.7,1,645,500,222595.23,0.8707,0.3536,0,0,0.038753,83.5
203,23.328,77.8,11.2,1,645,499,222746.0,0.8704,0.3532,0,0,0.03848,78.8
204,23.413,78.9,11.8,1,645,499,222986.9,0.8699,0.3525,0,0,0.03848,81.2
205,23.5,78.3,11.5,1,648,500,223978.73,0.868,0.3496,0,0,0.03848,79.2
206,23.585,81.1,11.7,1,647,496,227705.55,0.8609,0.3388,0,0,0.038757,82.1
207,23.673,81.7,11.4,1,640,486,224477.48,0.867,0.3482,-0.0378,0,0.038757,84.4
208,23.763,84.7,11.1,1,635,466,221145.19,0.8735,0.3579,-0.0904,0,0.038533,85.6
209,23.854,82.6,11.0,1,635,463,219843.98,0.8761,0.3616,-0.0775,0,0.038533,83.6
210,23.944,83.3,11.2,1,640,460,216649.84,0.8826,0.3709,-0.0836,0,0.038533,85.5
211,24.035,80.3,11.0,1,643,461,214979.72,0.886,0.3758,-0.0766,0,0.038334,81.3
212,24.122,79.6,11.5,1,643,458,213544.28,0.889,0.3799,-0.0878,0,0.038334,81.7
213,24.21,78.9,11.4,1,644,459,211620.0,0.893,0.3855,-0.0809,0,0.038334,80.2
214,24.296,77.8,11.6,1,646,458,208825.5,0.8989,0.3936,-0.0849,0,0.037982,78.8
215,24.38,77.8,11.8,1,649,457,206347.44,0.9043,0.4008,-0.0871,0,0.037982,80.4
216,24.466,75.6,11.6,1,648,456,204344.66,0.9087,0.4066,-0.0893,0,0.037982,76.5
217,24.549,77.2,12.2,1,647,457,203016.58,0.9117,0.4105,-0.0843,0,0.037719,78.2
218,24.633,76.6,11.9,1,647,455,200852.27,0.9166,0.4168,-0.0923,0,0.037719,79.7
219,24.718,75.1,11.7,1,647,457,200124.53,0.9183,0.4189,-0.0826,0,0.037381,76.1
220,24.8,77.5,12.2,1,647,458,199904.34,0.9188,0.4195,-0.082,0,0.037381,78.6
221,24.885,77.5,11.8,1,647,462,199708.0,0.9192,0.4201,-0.07,0,0.037381,79.8
222,24.97,77.5,11.7,1,649,466,198882.95,0.9211,0.4225,-0.0613,0,0.03717,78.5
223,25.054,77.6,11.9,1,650,470,198368.14,0.9223,0.424,-0.0531,0,0.03717,78.8
224,25.139,77.4,11.8,1,647,473,198062.8,0.923,0.4249,-0.0481,0,0.03717,79.6
225,25.224,77.3,11.7,1,646,476,198125.94,0.9229,0.4247,-0.0419,0,0.037217,78.3
226,25.309,78.4,11.9,1,642,482,197415.5,0.9246,0.4268,0,0,0.037217,79.5
227,25.394,79.0,11.7,1,643,486,196361.06,0.927,0.4298,0,0,0.037217,81.3
228,25.481,75.3,11.5,1,642,487,195498.88,0.9291,0.4323,0,0,0.036967,76.2
229,25.563,76.8,12.2,1,641,488,195025.11,0.9302,0.4337,0,0,0.036967,78.6
230,25.648,76.9,11.8,1,640,490,194218.94,0.9321,0.436,0,0,0.036967,78.4
231,25.732,76.0,11.9,1,639,492,193145.16,0.9347,0.4392,0,0,0.037307,77.0
232,25.815,77.8,12.1,1,638,498,192107.28,0.9372,0.4422,0,0,0.037307,80.1
233,25.901,78.3,11.7,1,638,500,191058.81,0.9398,0.4452,0,0,0.037307,79.3
234,25.986,75.9,11.7,1,639,503,190284.95,0.9417,0.4475,0,0,0.037167,76.8
235,26.068,77.3,12.1,1,641,506,187922.53,0.9476,0.4543,0,0,0.037167,79.8
236,26.154,75.3,11.7,1,641,507,186443.42,0.9514,0.4586,0,0,0.037167,76.0
237,26.236,77.9,12.2,1,641,509,185441.34,0.9539,0.4615,0,0,0.037575,78.9
238,26.32,75.6,11.8,1,642,511,184650.39,0.956,0.4638,0,0,0.037575,77.9
239,26.404,78.1,12.0,1,645,514,182459.75,0.9617,0.4702,0.0371,0,0.037465,79.2
240,26.489,77.7,11.8,1,647,513,178799.97,0.9715,0.4808,0.03,0,0.037465,78.8
241,26.573,77.3,11.8,1,653,515,173723.42,0.9856,0.4956,0.0379,0,0.037465,79.5
242,26.659,76.7,11.7,1,652,513,170893.86,0.9937,0.5038,0,0,0.037435,77.6
243,26.743,76.8,12.0,1,652,512,168443.95,1.0009,0.5109,0,0,0.037435,78.0
244,26.826,75.4,11.9,1,653,514,166617.08,1.0064,0.5162,0.0359,0,0.037435,77.6
245,26.91,76.9,12.0,1,654,512,163884.16,1.0147,0.5241,0,0,0.037736,77.9
246,26.993,73.7,12.0,1,654,511,161999.16,1.0206,0.5296,0,0,0.037736,75.6
247,27.074,72.9,12.3,1,655,511,161510.03,1.0222,0.531,0,0,0.037736,74.5
248,27.155,70.2,12.5,1,655,511,161381.7,1.0226,0.5314,0,0,0.037865,71.2
249,27.231,74.2,13.0,1,653,511,161558.81,1.022,0.5309,0,0,0.037865,76.5
250,27.314,75.0,12.2,1,652,512,162144.02,1.0202,0.5292,0.0301,0,0.037865,76.0
251,27.395,75.5,12.2,1,654,514,163259.34,1.0167,0.5259,0.0356,0,0.037789,76.5
252,27.478,84.1,12.2,1,647,520,164556.3,1.0127,0.5222,0.0523,0,0.037789,86.4
253,27.57,78.6,10.9,1,638,526,163778.8,1.0151,0.5244,0.0654,0,0.037789,79.7
254,27.655,77.4,11.7,1,628,535,162856.73,1.0179,0.5271,0.0879,0,0.037816,78.4
255,27.739,77.6,11.9,1,630,539,162600.53,1.0187,0.5279,0.0899,0,0.037816,80.0
256,27.825,76.9,11.7,1,635,542,161545.86,1.0221,0.5309,0.0951,0,0.037816,77.7
257,27.909,75.7,12.0,1,635,539,162693.67,1.0184,0.5276,0.0813,0,0.037803,76.7
258,27.991,76.6,12.1,1,636,537,164664.78,1.0123,0.5219,0.0785,0,0.037803,78.9
259,28.076,74.2,11.8,1,635,538,165109.16,1.011,0.5206,0.0849,0,0.037451,75.1
260,28.156,75.9,12.4,1,633,541,163930.98,1.0146,0.524,0.0934,0,0.037451,77.0
261,28.239,93.5,12.1,1,611,571,168843.4,0.9997,0.5097,0.1829,-0.0623,0.037451,95.9
262,28.341,93.4,9.9,1,607,591,166801.1,1.0058,0.5157,0.2152,-0.0547,0.037075,94.4
263,28.441,79.8,10.0,1,621,594,164816.14,1.0119,0.5214,0.204,0,0.037075,82.2
264,28.528,78.0,11.4,1,653,593,164518.69,1.0128,0.5223,0.1971,0.0499,0.037075,78.9
265,28.613,76.1,11.8,1,685,591,166930.33,1.0054,0.5153,0.1917,0.1005,0.037061,77.0
266,28.696,72.0,12.1,1,708,598,169349.81,0.9982,0.5083,0.2179,0.1287,0.037061,74.2
267,28.776,78.6,12.4,1,730,605,170898.86,0.9937,0.5038,0.2319,0.1607,0.037061,79.4
268,28.861,76.6,11.8,1,762,606,172203.06,0.9899,0.5,0.2259,0.2207,0.037545,77.5
269,28.944,71.0,12.0,1,784,607,172282.1,0.9897,0.4997,0.2283,0.2467,0.037545,73.3
270,29.023,73.2,12.7,1,805,601,173292.25,0.9868,0.4968,0.2067,0.2784,0.037545,74.0
271,29.103,75.5,12.5,1,824,599,174908.64,0.9822,0.4921,0.2079,0.3055,0.037491,76.4
272,29.185,73.9,12.2,1,841,595,176863.3,0.9768,0.4864,0.197,0.3303,0.037491,76.3
273,29.267,74.4,12.2,1,850,591,176904.7,0.9767,0.4863,0.1886,0.3368,0.037491,75.3
274,29.349,77.7,12.3,1,858,590,177079.16,0.9762,0.4858,0.1898,0.348,0.037896,78.6
275,29.433,75.8,11.9,1,866,590,176207.31,0.9786,0.4883,0.1913,0.3606,0.037896,78.4
276,29.518,73.9,11.9,1,866,584,175118.8,0.9816,0.4915,0.1721,0.3531,0.037248,74.8
277,29.598,77.2,12.4,1,864,578,174588.16,0.9831,0.493,0.1595,0.3481,0.037248,78.3
278,29.682,75.9,11.9,-1,0,0,0,0.0,0.0,0.0,0.0,0.0,0.0
279,29.764,77.1,12.2,1,882,571,178006.05,0.9737,0.4831,0.1483,0.3865,0.036984,79.6
280,29.849,77.6,11.7,1,885,567,179596.38,0.9693,0.4785,0.1393,0.3856,0.036984,78.7
281,29.934,75.8,11.8,1,885,566,182006.27,0.9629,0.4715,0.1409,0.3828,0.036984,78.2
282,30.018,78.1,11.9,1,887,563,182598.84,0.9613,0.4698,0.1328,0.3878,0.036651,79.1
283,30.103,78.1,11.8,1,888,562,182682.5,0.9611,0.4695,0.1329,0.3884,0.036651,79.2
284,30.188,79.7,11.8,1,887,563,182993.94,0.9603,0.4686,0.1374,0.385,0.036651,81.9
285,30.275,78.7,11.4,1,883,563,181485.33,0.9643,0.473,0.1363,0.376,0.036632,79.7
286,30.361,82.7,11.7,1,865,559,177977.05,0.9737,0.4832,0.1234,0.3361,0.036632,85.1
287,30.452,78.5,11.0,1,826,548,173531.78,0.9861,0.4961,0.0915,0.2548,0.036632,79.3
288,30.537,81.6,11.7,1,804,539,173094.9,0.9874,0.4974,0.0759,0.2368,0.036493,82.6
289,30.625,83.6,11.3,1,774,523,171642.6,0.9915,0.5016,0.0349,0.1838,0.036493,86.0
290,30.717,81.4,10.9,1,746,507,173074.72,0.9874,0.4974,0,0.1408,0.036396,82.4
291,30.805,87.0,11.4,1,694,486,170938.8,0.9936,0.5036,-0.0473,0.041,0.036396,88.1
292,30.899,78.8,10.7,1,663,482,171914.45,0.9908,0.5008,-0.037,0,0.036396,81.2
293,30.985,75.9,11.5,1,633,472,171509.67,0.9919,0.502,-0.0657,-0.0393,0.036425,76.9
294,31.068,76.9,12.1,1,621,470,170781.95,0.994,0.5041,-0.0598,-0.0409,0.036425,78.1
295,31.152,75.4,11.9,1,609,464,169205.92,0.9987,0.5087,-0.0773,-0.0597,0.036425,77.6
296,31.235,80.5,12.0,1,596,456,169645.08,0.9974,0.5074,-0.0963,-0.0804,0.036593,81.5
297,31.323,77.5,11.5,1,586,448,168077.45,1.002,0.512,-0.1131,-0.0936,0.036593,79.1
298,31.407,76.3,11.8,1,573,441,169046.14,0.9991,0.5091,-0.1266,-0.1168,0.036593,78.1
299,31.491,77.4,11.9,1,564,436,170493.08,0.9949,0.5049,-0.1347,-0.1271,0.036735,78.3
300,31.575,80.4,11.9,1,557,432,170130.67,0.9959,0.506,-0.1415,-0.1359,0.036735,82.7
301,31.664,76.7,11.3,1,551,433,170681.23,0.9943,0.5044,-0.1334,-0.1447,0.036735,77.6
302,31.747,77.0,12.0,1,545,432,172083.67,0.9903,0.5003,-0.1378,-0.154,0.03662,77.9
303,31.831,74.8,12.0,1,544,433,172104.94,0.9902,0.5003,-0.1333,-0.1509,0.03662,77.3
304,31.914,77.8,12.0,1,541,431,171768.05,0.9912,0.5012,-0.1412,-0.1575,0.036631,78.7
305,31.998,77.3,11.8,1,538,429,172602.2,0.9888,0.4988,-0.1454,-0.1622,0.036631,78.4
306,32.082,76.1,11.9,1,534,427,173425.98,0.9864,0.4964,-0.1495,-0.1693,0.036631,78.4
307,32.167,76.4,11.9,1,532,425,173640.1,0.9858,0.4958,-0.1542,-0.1706,0.036929,77.3
308,32.25,79.8,12.0,1,529,421,174020.81,0.9847,0.4947,-0.1647,-0.1761,0.036929,80.9
309,32.337,77.4,11.5,1,527,417,174167.38,0.9843,0.4943,-0.1731,-0.1784,0.036929,79.7
310,32.422,77.9,11.7,1,524,413,174801.48,0.9825,0.4924,-0.1817,-0.184,0.037088,79.0
311,32.507,79.3,11.8,1,520,408,176131.56,0.9788,0.4886,-0.1931,-0.1911,0.037088,80.4
312,32.593,78.0,11.6,1,517,407,177772.17,0.9743,0.4838,-0.1904,-0.1949,0.037088,80.3
313,32.679,79.8,11.6,1,510,401,179726.64,0.969,0.4781,-0.2093,-0.2094,0.037342,80.8
314,32.766,78.4,11.5,1,503,396,181194.61,0.965,0.4739,-0.2184,-0.2204,0.037342,80.8
315,32.852,81.5,11.5,1,493,395,183219.11,0.9597,0.468,-0.2156,-0.2386,0.037342,82.3
316,32.94,79.2,11.4,1,485,394,185275.5,0.9544,0.462,-0.2182,-0.2494,0.037627,80.2
317,33.026,80.5,11.6,1,471,391,188500.72,0.9462,0.4526,-0.2266,-0.2764,0.037627,82.9
318,33.115,81.9,11.3,1,464,391,192286.48,0.9368,0.4417,-0.2231,-0.2812,0.037638,82.9
319,33.204,80.2,11.3,1,461,388,194653.42,0.9311,0.4348,-0.2329,-0.2824,0.037638,81.3
320,33.291,81.7,11.5,1,460,384,196375.36,0.927,0.4298,-0.2423,-0.2821,0.037638,84.1
321,33.381,80.6,11.1,1,460,381,197216.62,0.925,0.4273,-0.247,-0.2812,0.037366,81.6
322,33.468,81.8,11.4,1,459,376,201446.03,0.9153,0.4151,-0.2599,-0.2837,0.037366,83.0
323,33.557,81.4,11.3,1,458,370,205858.7,0.9054,0.4022,-0.2735,-0.2852,0.037366,83.7
324,33.646,81.3,11.2,1,455,369,211171.31,0.8939,0.3868,-0.2702,-0.2917,0.037583,82.2
325,33.734,80.4,11.4,1,457,369,215039.25,0.8859,0.3756,-0.2689,-0.2842,0.037583,82.7
326,33.823,95.5,11.3,1,474,377,219113.44,0.8776,0.3638,-0.244,-0.2464,0.037567,96.4
327,33.925,86.6,9.8,1,518,405,218416.5,0.879,0.3658,-0.1626,-0.1538,0.037567,87.7
328,34.018,76.4,10.7,1,564,430,219070.44,0.8777,0.3639,-0.1108,-0.0761,0.037567,78.6
329,34.102,79.8,11.9,1,623,447,218623.16,0.8786,0.3652,-0.0861,0,0.037732,80.8
330,34.189,81.2,11.6,1,664,460,218941.7,0.8779,0.3643,-0.064,0.0739,0.037732,82.3
331,34.277,84.8,11.3,1,689,469,219357.33,0.8771,0.3631,-0.0506,0.0975,0.037732,87.0
332,34.37,81.8,10.8,1,722,490,221610.62,0.8726,0.3565,0,0.1573,0.037852,82.8
333,34.459,85.9,11.3,1,741,502,219363.28,0.8771,0.363,0,0.1736,0.037852,88.5
334,34.553,82.0,10.6,1,760,525,220616.97,0.8746,0.3594,0.0833,0.2042,0.037581,82.9
335,34.642,85.3,11.3,1,775,552,220067.56,0.8757,0.361,0.1429,0.2237,0.037581,86.4
336,34.734,100.7,10.9,1,787,586,221630.52,0.8726,0.3565,0.2158,0.2383,0.037581,102.9
337,34.842,99.2,9.2,1,795,613,218316.19,0.8792,0.3661,0.2662,0.2481,0.037448,100.2
338,34.948,79.2,9.4,1,799,626,215948.56,0.884,0.3729,0.2822,0.252,0.037448,81.6
339,35.036,78.5,11.5,1,799,644,213740.22,0.8885,0.3794,0.3259,0.2484,0.037663,79.4
340,35.121,76.4,11.8,1,799,653,213065.53,0.8899,0.3813,0.334,0.2484,0.037663,77.5
341,35.204,74.6,12.0,1,797,665,212490.33,0.8912,0.383,0.3629,0.2434,0.037663,76.9
342,35.287,71.2,12.1,1,795,671,211913.02,0.8924,0.3847,0.3678,0.2402,0.037946,72.2
343,35.364,71.0,12.9,1,794,668,210939.95,0.8944,0.3875,0.3497,0.2396,0.037946,72.1
344,35.442,70.4,12.9,1,790,665,210412.7,0.8955,0.389,0.3435,0.2304,0.037946,72.8
345,35.521,72.2,12.7,1,784,658,207527.7,0.9017,0.3974,0.3237,0.2191,0.037906,73.2
346,35.6,73.9,12.7,1,784,658,207846.38,0.9011,0.3965,0.3329,0.225,0.037906,75.0
347,35.68,70.2,12.4,1,783,659,206572.28,0.9038,0.4002,0.3363,0.2224,0.037906,72.4
348,35.758,72.5,12.8,1,793,673,209052.95,0.8984,0.393,0.3823,0.2489,0.038094,73.4
349,35.837,73.0,12.6,1,799,693,213463.1,0.8891,0.3802,0.4317,0.2543,0.038094,74.2
350,35.917,71.9,12.5,1,796,698,214032.44,0.8879,0.3785,0.4226,0.2408,0.038094,74.1
351,35.997,66.6,12.5,1,793,698,213191.89,0.8897,0.381,0.4161,0.2359,0.038094,67.4
352,36.07,70.0,13.7,1,785,688,212430.48,0.8913,0.3832,0.3819,0.2184,0.037922,71.0
353,36.147,69.5,13.0,1,783,684,212113.66,0.8919,0.3841,0.3817,0.2214,0.037922,71.9
354,36.225,68.5,12.9,1,783,683,212578.69,0.891,0.3827,0.3836,0.2234,0.037922,69.3
355,36.3,69.5,13.3,1,784,683,212038.11,0.8921,0.3843,0.3844,0.226,0.038249,70.4
356,36.376,69.7,13.1,1,782,680,210985.9,0.8943,0.3874,0.3744,0.2199,0.038249,72.2
357,36.454,69.5,12.9,1,779,672,209717.95,0.897,0.391,0.3507,0.2141,0.038249,70.3
358,36.53,78.5,13.2,1,760,633,206079.17,0.9049,0.4016,0.233,0.1701,0.038122,79.5
359,36.615,98.6,11.7,1,751,590,201943.45,0.9141,0.4136,0.1492,0.1669,0.038122,100.9
360,36.722,105.5,9.4,1,734,553,202496.55,0.9129,0.412,0.0791,0.135,0.038424,106.5
361,36.834,82.2,8.9,1,734,539,202073.64,0.9138,0.4132,0.0683,0.1469,0.038424,84.6
362,36.924,89.0,11.1,1,735,519,200834.77,0.9166,0.4168,0,0.1493,0.038424,89.8
363,37.02,83.8,10.5,1,737,496,198896.33,0.9211,0.4225,-0.0319,0.1533,0.038598,84.7
364,37.11,88.1,11.0,1,737,475,195483.3,0.9291,0.4324,-0.0717,0.1516,0.038598,90.6
365,37.207,93.6,10.4,1,736,462,194210.52,0.9321,0.4361,-0.09,0.1492,0.038836,94.6
366,37.307,84.1,9.9,1,728,453,193866.84,0.933,0.4371,-0.1054,0.1306,0.038836,85.2
367,37.398,83.3,11.0,1,719,445,193253.4,0.9345,0.4388,-0.1209,0.1157,0.038836,85.6
368,37.49,79.2,10.9,1,714,438,192540.6,0.9362,0.4409,-0.1355,0.1111,0.039236,80.1
369,37.576,80.1,11.6,1,709,429,191471.31,0.9388,0.444,-0.1561,0.1034,0.039236,82.5
370,37.664,81.8,11.3,1,691,411,189198.02,0.9444,0.4506,-0.2042,0.0638,0.039236,82.6
371,37.752,85.6,11.3,1,676,395,191045.69,0.9398,0.4453,-0.2345,0.0436,0.039329,86.6
372,37.844,80.0,10.8,1,670,387,191245.12,0.9393,0.4447,-0.2426,0.0416,0.039329,82.3
373,37.932,79.3,11.4,1,670,384,192040.22,0.9374,0.4424,-0.2436,0.0469,0.039705,80.3
374,38.019,80.0,11.6,1,665,378,192279.33,0.9368,0.4417,-0.2594,0.0346,0.039705,81.1
375,38.105,80.4,11.5,1,660,369,192183.86,0.9371,0.442,-0.2816,0,0.039705,82.7
376,38.194,79.6,11.3,1,653,359,192441.77,0.9364,0.4412,-0.3042,0,0.039909,80.6
377,38.28,83.7,11.5,1,640,347,191065.7,0.9398,0.4452,-0.3306,0,0.039909,85.8
378,38.372,80.4,10.9,1,621,337,190685.7,0.9407,0.4463,-0.3498,-0.0467,0.039909,81.6
379,38.46,80.5,11.5,1,608,334,193985.75,0.9327,0.4367,-0.3484,-0.0617,0.040348,81.5
380,38.547,80.7,11.5,1,605,334,194512.52,0.9314,0.4352,-0.3445,-0.0573,0.040348,83.0
381,38.636,77.4,11.3,1,606,334,194517.94,0.9314,0.4352,-0.3447,-0.0522,0.040426,78.4
382,38.72,86.7,11.9,1,618,345,192788.92,0.9356,0.4402,-0.3095,0,0.040426,87.8
383,38.814,87.3,10.7,1,656,372,196004.66,0.9279,0.4309,-0.236,0.0561,0.040426,89.5
384,38.909,83.0,10.5,1,681,392,192942.9,0.9352,0.4398,-0.2006,0.0858,0.040414,84.0
385,38.999,77.5,11.2,1,723,430,193946.0,0.9328,0.4368,-0.0977,0.1686,0.040414,78.7
386,39.083,83.9,11.8,1,754,465,194485.92,0.9315,0.4353,-0.0319,0.2045,0.040414,86.0
387,39.175,83.9,10.9,1,762,483,193646.11,0.9335,0.4377,0,0.1975,0.040509,84.9
388,39.265,84.1,11.0,1,787,505,196114.55,0.9276,0.4305,0.0364,0.2509,0.040509,86.6
389,39.358,83.8,10.8,1,804,541,198364.06,0.9223,0.424,0.128,0.2709,0.040399,84.9
390,39.449,88.0,11.0,1,810,549,197017.83,0.9255,0.4279,0.1121,0.2706,0.040399,89.2
391,39.544,82.5,10.5,1,831,556,200216.62,0.9181,0.4186,0.126,0.3165,0.040399,84.7
392,39.634,77.7,11.1,1,856,568,204371.94,0.9087,0.4066,0.1573,0.3606,0.04068,78.7
393,39.719,76.5,11.8,1,864,572,206286.02,0.9045,0.401,0.156,0.3575,0.04068,77.6
394,39.802,75.6,12.0,1,877,578,207801.67,0.9012,0.3966,0.1709,0.3825,0.04068,77.8
395,39.886,72.8,12.0,1,889,585,210804.48,0.8947,0.3879,0.1878,0.4009,0.040342,73.7
396,39.965,74.0,12.6,1,895,591,211835.86,0.8925,0.3849,0.1985,0.4042,0.040342,75.9
397,40.047,76.9,12.2,1,908,602,213829.66,0.8884,0.3791,0.2273,0.4307,0.040342,78.7
398,40.132,73.5,11.9,1,912,607,213653.9,0.8887,0.3796,0.2309,0.4289,0.040225,74.6
399,40.212,75.1,12.5,1,915,610,212656.55,0.8908,0.3825,0.2343,0.4325,0.040225,77.5
400,40.295,74.5,12.0,1,916,612,212018.14,0.8921,0.3844,0.2373,0.4322,0.040225,75.3
401,40.376,74.3,12.3,1,918,614,213034.3,0.89,0.3814,0.2415,0.4363,0.040202,75.3
402,40.457,78.6,12.4,1,921,616,214509.19,0.8869,0.3771,0.2455,0.4418,0.040202,81.2
403,40.544,72.9,11.5,1,925,619,216843.16,0.8822,0.3704,0.2533,0.4492,0.040202,73.7
404,40.624,74.5,12.6,1,927,621,218245.94,0.8793,0.3663,0.2559,0.4504,0.040292,75.4
405,40.705,73.8,12.3,1,930,622,219153.78,0.8775,0.3636,0.2568,0.456,0.040292,76.1
406,40.787,74.3,12.2,1,932,625,219759.06,0.8763,0.3619,0.2656,0.4582,0.040292,75.2
407,40.868,71.5,12.3,1,931,625,220202.8,0.8754,0.3606,0.2615,0.4537,0.04047,72.5
408,40.946,75.3,12.8,1,931,628,220923.72,0.874,0.3585,0.2716,0.4547,0.04047,77.6
409,41.03,72.6,12.0,1,932,629,221191.44,0.8734,0.3577,0.2712,0.4572,0.04047,73.5
410,41.109,74.2,12.6,1,931,630,222417.38,0.871,0.3542,0.274,0.4537,0.040034,75.2
411,41.19,70.2,12.4,1,931,630,222198.27,0.8715,0.3548,0.2724,0.4547,0.040034,72.6
412,41.268,72.9,12.8,1,933,631,222614.1,0.8707,0.3536,0.2758,0.4598,0.040034,73.8
413,41.348,72.6,12.5,1,934,631,222572.53,0.8707,0.3537,0.275,0.4604,0.039751,73.5
414,41.427,72.9,12.6,1,932,630,222411.73,0.871,0.3542,0.2714,0.4543,0.039751,75.3
415,41.508,76.8,12.3,1,941,631,224174.12,0.8676,0.3491,0.2761,0.4788,0.039751,77.6
416,41.592,72.3,12.0,1,959,636,227967.23,0.8604,0.3381,0.2921,0.5162,0.039547,73.3
417,41.671,75.9,12.7,1,977,636,230599.7,0.8554,0.3304,0.2854,0.5433,0.039547,78.3
418,41.755,75.0,11.9,1,987,636,230104.75,0.8564,0.3318,0.2854,0.5518,0.039547,75.9
419,41.836,77.2,12.3,1,992,640,226994.1,0.8622,0.3409,0.2987,0.5547,0.039584,78.1
420,41.92,71.8,11.9,1,993,643,226922.19,0.8623,0.3411,0.3039,0.5525,0.039584,74.1
421,42.0,73.1,12.5,1,996,645,224944.97,0.8661,0.3468,0.3077,0.5592,0.038981,74.0
422,42.08,72.9,12.5,1,998,647,222445.61,0.871,0.3541,0.3115,0.5613,0.038981,73.9
423,42.16,75.2,12.5,1,1008,652,216801.55,0.8822,0.3241,0.3256,0.5844,0.038981,77.3
424,42.243,71.2,12.0,1,1012,654,213415.27,0.8892,0.3084,0.3264,0.5853,0.038827,72.2
425,42.321,70.3,12.8,1,1016,657,209663.61,0.8971,0.2906,0.334,0.5916,0.038827,71.4
426,42.398,71.3,13.0,1,1023,660,203507.69,0.9106,0.2639,0.3401,0.6053,0.038827,73.7
427,42.477,71.3,12.6,1,1024,661,200931.03,0.9164,0.2587,0.3396,0.601,0.038827,72.1
428,42.555,72.3,12.8,1,1025,664,198536.03,0.9219,0.2489,0.3489,0.6026,0.038566,73.2
429,42.634,73.4,12.7,1,1020,661,199635.66,0.9194,0.2701,0.3347,0.5889,0.038566,75.7
430,42.715,68.9,12.3,1,1017,660,201975.27,0.9141,0.281,0.335,0.586,0.038566,69.7
431,42.791,69.6,13.2,1,1019,661,203240.31,0.9112,0.2731,0.3397,0.5942,0.038666,70.6
432,42.867,72.5,13.1,1,1018,659,203658.31,0.9103,0.2804,0.3316,0.5897,0.038666,74.9
433,42.948,70.4,12.4,1,1017,658,205341.2,0.9065,0.2854,0.3308,0.588,0.038666,71.3
434,43.025,71.6,13.0,1,1022,663,203380.72,0.9109,0.26,0.3492,0.6019,0.038707,72.6
435,43.103,70.4,12.8,1,1021,663,202971.4,0.9118,0.2629,0.3425,0.5943,0.038707,72.8
436,43.181,69.6,12.8,1,1020,661,203684.67,0.9102,0.2703,0.3356,0.5927,0.038707,70.5
437,43.257,71.4,13.1,1,1020,663,203689.8,0.9102,0.2657,0.3453,0.5938,0.038615,72.4
438,43.336,70.3,12.8,1,1019,663,204243.27,0.909,0.2686,0.3426,0.5912,0.038615,72.6
439,43.414,67.2,12.7,-1,0,0,0,0.0,0.0,0.0,0.0,0.0,0.0
440,43.487,71.4,13.7,1,1015,663,207511.31,0.9018,0.2802,0.3425,0.5839,0.038684,72.6
441,43.565,69.6,12.8,1,1013,661,209920.48,0.8966,0.2904,0.3356,0.5808,0.038684,70.7
442,43.642,70.0,13.1,1,1010,660,212650.88,0.8908,0.3011,0.335,0.5751,0.038684,72.2
443,43.72,72.1,12.8,1,1007,659,215410.66,0.8851,0.3114,0.3333,0.5705,0.038406,73.1
444,43.798,72.0,12.7,1,1010,660,215143.34,0.8856,0.3008,0.3379,0.5811,0.038406,73.1
445,43.877,70.1,12.7,-1,0,0,0,0.0,0.0,0.0,0.0,0.0,0.0
446,43.953,66.8,13.2,-1,0,0,0,0.0,0.0,0.0,0.0,0.0,0.0
447,44.026,71.1,13.8,-1,0,0,0,0.0,0.0,0.0,0.0,0.0,0.0
448,44.103,71.6,13.0,-1,0,0,0,0.0,0.0,0.0,0.0,0.0,0.0
449,44.18,68.3,12.9,-1,0,0,0,0.0,0.0,0.0,0.0,0.0,0.0
450,44.254,67.7,13.5,-1,0,0,0,0.0,0.0,0.0,0.0,0.0,0.0
451,44.328,67.5,13.6,-1,0,0,0,0.0,0.0,0.0,0.0,0.0,0.0
452,44.401,66.2,13.6,-1,0,0,0,0.0,0.0,0.0,0.0,0.0,0.0
453,44.473,70.0,13.9,-1,0,0,0,0.0,0.0,0.0,0.0,0.0,0.0
454,44.549,76.4,13.2,-1,0,0,0,0.0,0.0,0.0,0.0,0.0,0.0
455,44.631,66.2,12.2,-1,0,0,0,0.0,0.0,0.0,0.0,0.0,0.0
456,44.703,66.6,13.9,-1,0,0,0,0.0,0.0,0.0,0.0,0.0,0.0
457,44.776,65.1,13.7,-1,0,0,0,0.0,0.0,0.0,0.0,0.0,0.0
458,44.847,67.8,14.1,-1,0,0,0,0.0,0.0,0.0,0.0,0.0,0.0
459,44.921,65.6,13.6,-1,0,0,0,0.0,0.0,0.0,0.0,0.0,0.0
460,44.992,67.3,14.0,-1,0,0,0,0.0,0.0,0.0,0.0,0.0,0.0
461,45.065,67.5,13.7,-1,0,0,0,0.0,0.0,0.0,0.0,0.0,0.0
462,45.139,69.1,13.6,-1,0,0,0,0.0,0.0,0.0,0.0,0.0,0.0
463,45.214,66.9,13.3,-1,0,0,0,0.0,0.0,0.0,0.0,0.0,0.0
464,45.287,69.8,13.8,-1,0,0,0,0.0,0.0,0.0,0.0,0.0,0.0
465,45.362,76.6,13.2,-1,0,0,0,0.0,0.0,0.0,0.0,0.0,0.0
466,45.445,93.6,12.1,-1,0,0,0,0.0,0.0,0.0,0.0,0.0,0.0
467,45.544,86.5,10.1,1,937,672,220426.47,0.875,0.3599,0.3616,0.4641,0.038349,88.8
468,45.639,71.6,10.6,1,920,664,217812.98,0.8802,0.3675,0.3338,0.4208,0.038769,74.0
469,45.718,71.2,12.5,1,912,658,215511.38,0.8849,0.3742,0.324,0.4171,0.038895,73.7
470,45.798,75.6,12.6,1,898,647,214083.36,0.8878,0.3784,0.2956,0.3901,0.038732,78.1
471,45.882,69.8,11.9,1,886,642,210809.69,0.8947,0.3879,0.2921,0.3723,0.038684,72.1
472,45.959,70.8,12.9,1,873,637,208664.64,0.8993,0.3941,0.282,0.3512,0.03854,73.2
473,46.039,72.4,12.6,1,858,635,208520.23,0.8996,0.3945,0.2822,0.3262,0.038274,74.8
474,46.12,73.4,12.4,1,853,637,209228.47,0.8981,0.3925,0.2911,0.3281,0.038387,76.1
475,46.202,71.8,12.2,1,850,642,210656.03,0.895,0.3883,0.3064,0.3252,0.037869,74.2
476,46.282,69.3,12.5,1,845,644,211043.05,0.8942,0.3872,0.306,0.3153,0.03816,71.7
477,46.359,73.5,12.9,1,844,640,210008.23,0.8964,0.3902,0.2898,0.3178,0.038336,75.9
478,46.441,71.3,12.2,1,838,635,209386.48,0.8977,0.392,0.278,0.3035,0.038336,73.7
479,46.52,72.3,12.6,1,831,631,207601.92,0.9016,0.3972,0.271,0.2915,0.038336,73.4
480,46.6,72.8,12.6,1,829,629,205223.6,0.9068,0.4041,0.2701,0.2933,0.037941,73.7
481,46.679,72.5,12.6,1,820,627,204245.22,0.909,0.4069,0.2657,0.2724,0.037941,73.5
482,46.758,74.6,12.6,1,808,628,203304.8,0.9111,0.4097,0.2716,0.2511,0.037941,76.8
483,46.841,71.2,12.1,1,802,630,202403.7,0.9131,0.4123,0.2776,0.2471,0.037735,72.2
484,46.919,70.8,12.8,1,796,632,201580.39,0.915,0.4147,0.2816,0.2377,0.037735,71.9
485,46.996,71.7,12.9,1,790,630,199924.33,0.9187,0.4195,0.2721,0.2285,0.037735,73.9
486,47.076,71.3,12.5,1,784,630,200377.19,0.9177,0.4182,0.2746,0.219,0.037819,72.3
487,47.154,72.4,12.8,1,781,628,199647.86,0.9194,0.4203,0.2679,0.2174,0.037819,73.6
488,47.233,72.3,12.6,1,770,628,198463.94,0.9221,0.4237,0.2705,0.1924,0.037819,74.5
489,47.314,75.0,12.5,1,749,635,200007.89,0.9185,0.4192,0.2959,0.1502,0.03664,75.9
490,47.395,71.2,12.2,1,740,641,198756.45,0.9214,0.4229,0.3068,0.1473,0.03664,72.5
491,47.474,73.5,12.7,1,733,653,199494.27,0.9197,0.4207,0.3391,0.1386,0.03664,75.7
492,47.555,75.8,12.3,1,726,680,204810.05,0.9077,0.4053,0.4238,0.1278,0.030565,76.8
493,47.638,67.7,12.1,1,718,694,210943.92,0.8944,0.3875,0.4346,0.1136,0.030565,69.3
494,47.713,80.6,13.3,-1,0,0,0,0.0,0.0,0.0,0.0,0.0,0.0
495,47.8,93.8,11.6,-1,0,0,0,0.0,0.0,0.0,0.0,0.0,0.0
496,47.899,67.3,10.0,-1,0,0,0,0.0,0.0,0.0,0.0,0.0,0.0
497,47.972,67.1,13.7,-1,0,0,0,0.0,0.0,0.0,0.0,0.0,0.0
498,48.045,61.4,13.7,-1,0,0,0,0.0,0.0,0.0,0.0,0.0,0.0
499,48.112,60.7,14.9,-1,0,0,0,0.0,0.0,0.0,0.0,0.0,0.0
500,48.179,60.4,15.1,-1,0,0,0,0.0,0.0,0.0,0.0,0.0,0.0
501,48.245,58.6,15.1,-1,0,0,0,0.0,0.0,0.0,0.0,0.0,0.0
502,48.309,63.4,15.5,-1,0,0,0,0.0,0.0,0.0,0.0,0.0,0.0
503,48.378,63.6,14.5,-1,0,0,0,0.0,0.0,0.0,0.0,0.0,0.0
504,48.448,85.3,14.4,-1,0,0,0,0.0,0.0,0.0,0.0,0.0,0.0
505,48.539,59.2,11.0,-1,0,0,0,0.0,0.0,0.0,0.0,0.0,0.0
506,48.604,59.0,15.4,-1,0,0,0,0.0,0.0,0.0,0.0,0.0,0.0
507,48.668,62.0,15.5,-1,0,0,0,0.0,0.0,0.0,0.0,0.0,0.0
508,48.736,65.6,14.8,-1,0,0,0,0.0,0.0,0.0,0.0,0.0,0.0
509,48.808,64.7,14.0,-1,0,0,0,0.0,0.0,0.0,0.0,0.0,0.0
510,48.878,60.4,14.2,-1,0,0,0,0.0,0.0,0.0,0.0,0.0,0.0
511,48.947,57.8,14.6,-1,0,0,0,0.0,0.0,0.0,0.0,0.0,0.0
512,49.01,61.7,15.7,-1,0,0,0,0.0,0.0,0.0,0.0,0.0,0.0
513,49.078,61.8,14.8,-1,0,0,0,0.0,0.0,0.0,0.0,0.0,0.0
514,49.145,57.3,14.8,-1,0,0,0,0.0,0.0,0.0,0.0,0.0,0.0
515,49.209,57.4,15.8,-1,0,0,0,0.0,0.0,0.0,0.0,0.0,0.0
516,49.272,61.6,15.8,-1,0,0,0,0.0,0.0,0.0,0.0,0.0,0.0
517,49.339,62.3,14.8,-1,0,0,0,0.0,0.0,0.0,0.0,0.0,0.0
518,49.408,61.5,14.7,-1,0,0,0,0.0,0.0,0.0,0.0,0.0,0.0
519,49.475,58.2,14.8,-1,0,0,0,0.0,0.0,0.0,0.0,0.0,0.0
520,49.539,65.2,15.6,-1,0,0,0,0.0,0.0,0.0,0.0,0.0,0.0
521,49.61,77.1,14.1,1,845,693,227187.34,0.8618,0.3403,0.4298,0.3203,0.013946,78.9
522,49.695,76.8,11.8,1,844,677,226801.58,0.8626,0.3414,0.3736,0.3178,0.015958,79.1
523,49.78,74.5,11.8,1,838,655,227201.72,0.8618,0.3403,0.3291,0.3037,0.010833,77.0
524,49.862,72.8,12.1,1,844,660,231216.61,0.8543,0.3286,0.3574,0.3245,0.018968,75.2
525,49.943,69.6,12.4,1,851,655,231303.17,0.8541,0.3284,0.34,0.3367,0.018322,72.0
526,50.021,73.2,12.9,1,859,632,228867.25,0.8587,0.3354,0.2504,0.3499,0.029764,75.6
527,50.102,76.1,12.3,1,863,627,231105.47,0.8545,0.3289,0.275,0.3521,0.026797,78.6
528,50.186,76.2,11.8,1,870,636,233972.4,0.8493,0.3206,0.3326,0.3658,0.012155,78.7
529,50.271,68.7,11.8,1,871,647,237932.61,0.8422,0.3091,0.3256,0.362,0.027338,71.3
530,50.348,72.7,13.0,1,880,649,239175.75,0.84,0.3055,0.3243,0.3837,0.029185,75.1
531,50.429,67.3,12.4,1,884,648,241064.73,0.8367,0.3,0.3237,0.3854,0.02662,69.7
532,50.504,67.2,13.3,1,889,651,242057.66,0.835,0.2971,0.3449,0.3942,0.019949,70.4
533,50.581,69.0,13.1,1,876,645,238808.45,0.8406,0.3066,0.3158,0.3557,0.019949,71.3
534,50.658,70.4,12.8,1,869,656,235361.2,0.8467,0.3166,0.3694,0.3508,0.015077,71.4
535,50.735,67.2,13.0,1,869,654,234032.16,0.8491,0.3204,0.3446,0.3578,0.015077,68.4
536,50.809,66.4,13.5,1,867,657,234074.77,0.8491,0.3203,0.3579,0.3526,0.015077,68.6
537,50.884,68.3,13.4,1,866,661,233262.61,0.8505,0.3227,0.3643,0.3521,0.017051,69.2
538,50.959,72.2,13.3,1,885,655,232828.0,0.8513,0.3239,0.3396,0.4016,0.017051,73.3
539,51.038,67.6,12.7,1,900,644,235934.1,0.8457,0.3149,0.3095,0.4217,0.017051,70.0
540,51.114,70.7,13.2,1,906,644,238235.05,0.8416,0.3082,0.3246,0.4217,0.017051,71.7
541,51.191,69.8,12.9,1,912,643,241518.22,0.8359,0.2987,0.3062,0.4311,0.026096,70.8
542,51.268,72.0,13.1,1,913,656,243184.92,0.833,0.2939,0.3574,0.4275,0.026096,74.7
543,51.348,68.9,12.4,1,916,638,246814.22,0.8269,0.2833,0.2783,0.4343,0.026096,69.8
544,51.424,70.6,13.3,1,920,632,249096.14,0.8231,0.2767,0.2446,0.4415,0.049073,71.6
545,51.501,68.9,12.9,1,926,633,251613.8,0.8189,0.2694,0.271,0.453,0.049073,71.3
546,51.578,71.2,12.9,1,921,629,254956.58,0.8136,0.2597,0.256,0.434,0.049073,72.0
547,51.656,69.9,12.9,1,913,621,255581.44,0.8126,0.2579,0.2291,0.4184,0.051886,70.9
548,51.733,71.8,13.0,1,914,615,259168.81,0.8069,0.2475,0.2215,0.4291,0.051886,74.0
549,51.813,70.5,12.5,1,917,607,261873.73,0.8027,0.2396,0.2019,0.4358,0.051886,71.8
550,51.89,72.6,12.9,1,914,589,263965.34,0.7996,0.2335,0.1367,0.4252,0.06099,73.5
551,51.97,77.7,12.6,1,905,564,263397.5,0.8004,0.2352,0.0836,0.4059,0.06099,80.0
552,52.056,91.6,11.7,1,888,540,265748.1,0.7969,0.2283,0.0384,0.374,0.06099,92.4
553,52.154,86.0,10.2,1,859,506,271032.38,0.7891,0.213,-0.0397,0.3178,0.057494,87.0
554,52.246,91.6,10.8,1,848,492,276242.53,0.7816,0.1979,-0.0472,0.3164,0.057494,94.0
555,52.346,78.9,10.0,1,830,473,277259.97,0.7802,0.1949,-0.0947,0.2804,0.057112,79.8
556,52.432,77.0,11.7,1,792,463,278014.44,0.7791,0.1927,-0.1048,0.2027,0.057112,79.4
557,52.517,80.2,11.7,1,763,468,288246.0,0.7651,0.163,-0.0762,0.1661,0.057112,81.2
558,52.604,75.5,11.5,1,734,460,284230.9,0.7705,0.1747,-0.0999,0.1194,0.051509,76.4
559,52.686,75.8,12.2,1,708,443,281484.38,0.7743,0.1827,-0.1499,0.0819,0.051509,77.7
560,52.77,84.6,11.9,1,699,439,282359.5,0.7731,0.1801,-0.1415,0.0846,0.051509,86.1
561,52.862,78.0,10.9,1,692,434,282991.75,0.7722,0.1783,-0.1487,0.0748,0.048471,79.0
562,52.946,85.8,11.8,1,682,414,282179.0,0.7733,0.1806,-0.2082,0.0573,0.048471,88.1
563,53.04,84.8,10.7,1,673,398,281970.84,0.7736,0.1812,-0.236,0.0439,0.047483,85.7
564,53.132,82.4,10.9,1,657,382,281318.7,0.7745,0.1831,-0.2703,0,0.047483,83.6
565,53.221,79.4,11.2,1,639,380,282324.06,0.7731,0.1802,-0.2582,0,0.047483,81.6
566,53.308,80.5,11.4,1,632,376,285866.72,0.7683,0.1699,-0.2743,0,0.050839,81.5
567,53.396,81.0,11.5,1,627,375,289489.06,0.7635,0.1594,-0.2708,0,0.050839,83.5
568,53.485,79.2,11.2,1,620,378,289864.78,0.763,0.1583,-0.2597,-0.0376,0.050839,80.0
569,53.57,78.6,11.7,1,615,387,287198.03,0.7665,0.1661,-0.2236,-0.0436,0.044555,79.5
570,53.656,79.6,11.7,1,613,393,284010.56,0.7708,0.1753,-0.2187,-0.044,0.044555,82.0
571,53.744,77.5,11.4,1,611,397,283760.62,0.7712,0.176,-0.2126,-0.0472,0.044555,78.3
572,53.828,78.9,11.9,1,611,410,281382.12,0.7744,0.1829,-0.1719,-0.0453,0.042807,79.9
573,53.914,80.5,11.6,1,617,421,276661.16,0.781,0.1967,-0.1528,-0.0307,0.042807,82.9
574,54.002,80.8,11.3,1,635,448,273655.5,0.7853,0.2054,-0.0579,0,0.030478,81.7
575,54.09,78.9,11.4,1,643,458,271447.75,0.7885,0.2118,-0.0642,0,0.030478,80.1
576,54.176,75.8,11.7,1,652,459,266985.88,0.795,0.2248,-0.073,0,0.030478,78.0
577,54.259,76.7,11.9,1,659,460,264008.16,0.7995,0.2334,-0.0902,0.0362,0.042527,77.7
578,54.343,78.3,12.0,1,662,462,262236.62,0.8022,0.2385,-0.0776,0.0371,0.042527,79.4
579,54.429,78.1,11.7,1,665,465,263926.47,0.7996,0.2336,-0.0702,0.0418,0.042527,80.5
580,54.515,76.2,11.6,1,666,466,264300.4,0.799,0.2325,-0.0842,0.0416,0.051091,77.9
581,54.599,75.3,11.9,1,666,467,264585.5,0.7986,0.2317,-0.077,0.0406,0.051091,76.5
582,54.683,76.0,12.0,1,667,469,266555.47,0.7957,0.226,-0.0716,0.0431,0.051091,78.3
583,54.767,77.3,11.9,1,667,473,266952.56,0.7951,0.2248,-0.0761,0.0422,0.060678,78.2
584,54.851,78.2,11.9,1,663,477,267471.7,0.7943,0.2233,-0.0622,0.0323,0.060678,80.6
585,54.937,77.4,11.6,1,663,481,267823.88,0.7938,0.2223,-0.0537,0.0359,0.060678,78.3
586,55.021,74.9,11.9,1,663,482,267973.16,0.7936,0.2219,-0.0569,0.0359,0.061674,75.8
587,55.103,76.3,12.3,1,665,484,269159.97,0.7918,0.2184,-0.0509,0.0409,0.061674,78.6
588,55.187,74.2,11.9,1,668,484,269854.97,0.7908,0.2164,-0.0534,0.0466,0.061674,75.2
589,55.268,74.4,12.4,1,668,484,270352.6,0.7901,0.215,-0.0473,0.0437,0.057927,75.4
590,55.349,76.5,12.3,1,668,487,270834.84,0.7894,0.2136,-0.0397,0.0437,0.057927,78.8
591,55.434,75.4,11.8,1,672,488,271093.03,0.789,0.2128,-0.0401,0.0538,0.057927,76.5
592,55.516,74.4,12.2,1,674,491,272295.2,0.7872,0.2093,0,0.055,0.055155,75.4
593,55.597,75.8,12.3,1,680,497,274099.44,0.7846,0.2041,0,0.0681,0.055155,78.3
594,55.681,76.5,11.9,1,689,505,275149.66,0.7831,0.201,0,0.085,0.061007,77.5
595,55.764,76.8,12.0,1,697,514,274369.84,0.7842,0.2033,0,0.0965,0.061007,77.9
596,55.848,75.3,11.9,1,708,517,276462.1,0.7813,0.1972,0,0.1166,0.061007,77.5
597,55.931,74.0,12.0,1,710,520,278871.6,0.7779,0.1902,0.0378,0.1113,0.053837,75.0
598,56.012,74.6,12.4,1,706,526,283991.97,0.7708,0.1754,0.0496,0.0993,0.053837,75.7
599,56.094,74.8,12.3,1,706,534,288341.66,0.765,0.1627,0.0686,0.1031,0.053837,77.2
600,56.177,77.2,12.1,1,711,554,293823.72,0.7578,0.1468,0.123,0.1156,0.055142,78.2
601,56.26,82.2,11.9,1,717,564,297053.16,0.7537,0.1374,0.1315,0.1256,0.055142,83.3
602,56.349,73.8,11.2,1,722,567,300216.88,0.7497,0.1283,0.1299,0.1329,0.055142,76.0
603,56.431,68.8,12.2,1,723,566,301602.34,0.748,0.1242,0.1279,0.1307,0.051966,69.8
604,56.507,71.6,13.2,1,724,566,303451.9,0.7457,0.1189,0.1272,0.1322,0.051966,72.7
605,56.585,71.1,12.8,1,725,569,307235.72,0.7411,0.1079,0.1374,0.1338,0.051966,73.3
606,56.664,70.3,12.6,1,727,573,310000.34,0.7378,0.0999,0.1496,0.138,0.050463,71.2
607,56.741,71.7,13.0,1,734,588,317448.94,0.7291,0.0782,0.1944,0.1538,0.050463,72.8
608,56.82,69.8,12.7,1,738,596,322868.66,0.723,0.0625,0.2019,0.1571,0.050463,72.0
609,56.898,71.0,12.9,1,740,597,320158.28,0.726,0.0704,0.1952,0.1583,0.05009,72.0
610,56.975,70.9,12.8,1,743,600,321394.72,0.7246,0.0668,0.2039,0.1639,0.05009,72.1
611,57.053,72.6,12.9,1,745,604,324123.22,0.7216,0.0588,0.2134,0.166,0.05009,74.8
612,57.134,70.9,12.4,1,744,604,327157.9,0.7182,0.05,0.2094,0.1615,0.049372,72.0
613,57.211,101.0,12.9,-1,0,0,0,0.0,0.0,0.0,0.0,0.0,0.0
614,57.318,108.5,9.4,-1,0,0,0,0.0,0.0,0.0,0.0,0.0,0.0
615,57.433,85.8,8.7,1,628,538,332488.75,0.7124,0.0,0.0518,-0.0475,0.047524,88.2
616,57.527,77.4,10.6,1,625,529,336610.7,0.708,0.0,0.0436,0,0.047524,79.8
617,57.612,77.2,11.7,1,628,518,335875.72,0.7088,0.0,0,0,0.053589,78.4
618,57.696,76.8,11.9,1,632,489,333070.4,0.7118,0.0,-0.0711,0,0.053589,77.8
619,57.78,74.6,12.0,1,634,474,331508.47,0.7135,0.0,-0.085,0,0.053589,77.2
620,57.863,77.4,12.1,1,628,458,335411.62,0.7093,0.0,-0.1174,0,0.052391,78.4
621,57.948,76.2,11.8,1,621,452,342133.88,0.7023,0.0,-0.1182,-0.0362,0.052391,77.4
622,58.031,80.1,12.0,1,617,448,345637.2,0.6987,0.0,-0.1238,-0.0395,0.052391,82.3
623,58.119,76.7,11.4,1,618,450,346580.03,0.6978,0.0,-0.1054,-0.0334,0.047976,77.7
624,58.202,77.0,12.0,1,622,447,344647.12,0.6997,0.0,-0.1205,0,0.047976,78.3
625,58.286,76.6,11.9,1,622,442,344470.0,0.6999,0.0,-0.1334,0,0.047976,78.6
626,58.371,79.1,11.8,1,616,450,348554.12,0.6958,0.0,-0.1016,-0.0429,0.048468,80.1
627,58.456,76.1,11.7,1,612,448,345670.2,0.6987,0.0,-0.1176,-0.0475,0.048468,78.7
628,58.541,77.2,11.8,1,609,448,344941.94,0.6994,0.0,-0.1152,-0.0512,0.048468,78.1
629,58.625,73.0,11.9,1,609,448,345255.84,0.6991,0.0,-0.1127,-0.0484,0.046955,74.0
630,58.705,77.7,12.5,1,614,449,345099.1,0.6993,0.0,-0.1104,-0.0361,0.046955,80.0
631,58.79,77.2,11.7,1,615,453,344725.66,0.6997,0.0,-0.0983,-0.0381,0.046955,78.1
632,58.874,77.9,11.9,1,619,455,344821.8,0.6996,0.0,-0.0975,0,0.04751,78.9
633,58.959,76.5,11.8,1,623,462,346871.88,0.6975,0.0,-0.0764,0,0.04751,78.9
634,59.044,76.6,11.8,1,626,464,343529.06,0.7009,0.0,-0.0734,0,0.044376,77.6
635,59.127,76.1,12.0,1,629,464,339412.16,0.7051,0.0,-0.0777,0,0.044376,77.3
636,59.21,75.1,12.0,1,631,467,342562.34,0.7019,0.0,-0.0677,0,0.044376,77.3
637,59.293,75.3,12.1,1,632,466,340106.0,0.7044,0.0,-0.083,0,0.049415,76.3
638,59.375,73.9,12.1,1,633,466,340101.94,0.7044,0.0,-0.0786,0,0.049415,75.1
639,59.456,73.8,12.4,1,633,465,338906.4,0.7056,0.0,-0.082,0,0.049415,76.0
640,59.538,73.9,12.2,1,634,464,339253.94,0.7053,0.0,-0.0809,0,0.047466,74.9
641,59.619,74.3,12.4,1,636,463,339311.22,0.7052,0.0,-0.0842,0,0.047466,75.4
642,59.7,74.1,12.3,1,636,465,341814.06,0.7026,0.0,-0.0762,0,0.047466,76.4
643,59.782,75.0,12.2,1,637,467,342744.22,0.7017,0.0,-0.0683,0,0.045171,75.9
644,59.864,74.3,12.2,1,637,467,338463.62,0.7061,0.0,-0.0723,0,0.045171,75.5
645,59.945,73.1,12.3,1,639,467,336145.25,0.7085,0.0,-0.0723,0,0.045171,75.4
646,60.026,72.2,12.3,1,639,467,334597.28,0.7102,0.0,-0.0738,0,0.046096,73.2
647,60.105,75.5,12.7,1,642,466,332817.6,0.7121,0.0,-0.0766,0,0.046096,76.6
648,60.187,74.3,12.2,1,644,465,332387.25,0.7125,0.0,-0.0786,0,0.046096,76.6
649,60.269,75.9,12.2,1,645,464,334575.8,0.7102,0.0,-0.0593,0,0.032776,76.9
650,60.352,75.1,12.1,1,645,465,336540.88,0.7081,0.0,-0.0628,0,0.032776,76.2
651,60.434,76.5,12.2,1,646,466,339174.66,0.7054,0.0,-0.0607,0,0.032776,78.8
652,60.518,75.0,11.8,1,647,467,341264.72,0.7032,0.0,-0.0854,0,0.049386,75.9
653,60.6,75.8,12.2,1,650,467,343847.38,0.7005,0.0,-0.0765,0,0.049386,76.9
654,60.684,75.4,12.0,1,652,468,347863.22,0.6965,0.0,-0.0732,0,0.049386,77.6
655,60.768,77.0,11.9,1,656,470,353697.2,0.6907,0.0,-0.0698,0,0.050637,78.0
656,60.851,76.2,11.9,1,664,472,358943.47,0.6857,0.0,-0.0649,0.0449,0.050637,78.5
657,60.935,77.0,11.9,1,668,477,366442.97,0.6786,-0.064,-0.0507,0.0475,0.050637,77.9
658,61.019,76.0,12.0,1,673,484,376345.44,0.6696,-0.0928,-0.0384,0.0563,0.053667,76.9
659,61.102,74.8,12.1,1,676,489,382029.03,0.6646,-0.1093,0,0.0591,0.053667,77.2
660,61.185,75.6,12.1,1,678,493,383327.88,0.6635,-0.1131,0,0.0613,0.053667,76.6
661,61.267,75.4,12.1,1,681,485,371321.03,0.6741,-0.0782,-0.0543,0.0669,0.054209,76.4
662,61.35,74.0,12.2,1,684,482,367989.25,0.6772,-0.0685,-0.0539,0.0716,0.054209,76.4
663,61.432,71.9,12.2,1,685,481,366854.56,0.6782,-0.0652,-0.0535,0.0713,0.054209,73.1
664,61.511,73.3,12.7,1,687,487,373087.56,0.6725,-0.0833,-0.0304,0.0754,0.053317,74.3
665,61.591,74.8,12.5,1,689,492,376488.12,0.6695,-0.0932,0,0.0784,0.053317,77.2
666,61.674,74.4,12.0,1,689,495,377943.97,0.6682,-0.0974,0,0.0766,0.053317,75.3
667,61.755,73.3,12.3,1,690,496,379140.34,0.6671,-0.1009,0,0.0791,0.053154,74.3
668,61.835,73.9,12.5,1,692,497,380502.56,0.666,-0.1049,0,0.0832,0.053154,76.2
669,61.917,71.6,12.2,1,693,499,382192.38,0.6645,-0.1098,0,0.0838,0.053154,72.4
670,61.995,71.9,12.8,1,693,498,384313.03,0.6626,-0.1159,0,0.0828,0.053604,73.0
671,62.074,73.0,12.7,1,693,499,385549.5,0.6616,-0.1195,0,0.0828,0.053604,75.4
672,62.155,73.3,12.3,1,682,510,400510.56,0.6491,-0.163,0,0.0549,0.053604,74.1
673,62.235,73.6,12.5,1,676,518,410533.78,0.6411,-0.1921,0.0355,0.0504,0.053839,74.6
674,62.316,74.7,12.4,1,671,511,397089.66,0.6519,-0.153,0,0.0437,0.053839,77.1
675,62.398,74.2,12.1,1,669,508,392137.4,0.656,-0.1387,0,0.0434,0.053787,75.2
676,62.48,73.4,12.3,1,667,508,392102.66,0.656,-0.1385,0,0.0402,0.053787,74.5
677,62.56,73.3,12.5,1,669,507,392416.9,0.6558,-0.1395,0,0.0472,0.053787,75.6
678,62.641,72.0,12.3,1,670,511,398106.66,0.6511,-0.156,0,0.0479,0.051818,72.9
679,62.72,72.1,12.7,1,670,511,401186.16,0.6486,-0.1649,0,0.0469,0.051818,73.2
680,62.799,71.5,12.7,1,670,510,400771.28,0.6489,-0.1637,0,0.0469,0.051818,73.8
681,62.879,73.6,12.5,1,669,505,399462.3,0.65,-0.1599,0,0.0443,0.053975,74.6
682,62.959,72.7,12.4,1,670,503,399469.0,0.65,-0.1599,0,0.0479,0.053975,73.8
683,63.039,72.5,12.5,1,671,502,398474.97,0.6508,-0.1571,0,0.0494,0.053975,74.7
684,63.12,73.9,12.4,1,670,500,399241.38,0.6501,-0.1593,0,0.0459,0.046366,74.9
685,63.201,72.8,12.3,1,669,500,400285.12,0.6493,-0.1623,0,0.0443,0.046366,74.0
686,63.28,74.9,12.5,1,671,499,399971.44,0.6495,-0.1614,0,0.0503,0.046366,77.3
687,63.364,73.4,12.0,1,673,502,402686.16,0.6473,-0.1693,0,0.0535,0.047069,75.2
688,63.445,72.9,12.3,1,677,504,405274.72,0.6453,-0.1768,0,0.0617,0.047069,74.1
689,63.525,69.4,12.5,-1,0,0,0,0.0,0.0,0.0,0.0,0.0,0.0
690,63.6,72.1,13.3,1,682,511,416002.4,0.6369,-0.2079,0,0.0681,0.048066,74.3
691,63.68,70.9,12.5,1,682,511,415353.34,0.6374,-0.2061,0,0.0656,0.048066,72.0
692,63.758,71.3,12.9,1,681,505,409414.03,0.642,-0.1888,0,0.0631,0.048066,73.5
693,63.837,73.4,12.6,1,678,500,405625.16,0.645,-0.1778,0,0.0564,0.048066,74.3
694,63.917,72.8,12.5,1,676,499,406568.3,0.6443,-0.1806,0,0.0543,0.045075,73.8
695,63.997,71.1,12.6,1,677,498,406784.5,0.6441,-0.1812,0,0.0588,0.045075,73.6
696,64.076,72.2,12.6,1,679,498,405425.78,0.6452,-0.1772,0,0.0629,0.045075,73.1
697,64.155,72.6,12.7,1,680,497,403313.66,0.6468,-0.1711,0,0.0635,0.043566,73.6
698,64.234,72.5,12.6,1,682,498,405891.7,0.6448,-0.1786,0,0.0676,0.043566,74.9
699,64.315,73.7,12.4,1,685,502,413882.44,0.6385,-0.2018,0,0.0732,0.043566,74.6
700,64.396,69.1,12.4,1,685,504,418332.94,0.6351,-0.2147,0,0.0703,0.044788,70.0
701,64.472,71.4,13.2,1,683,501,415124.28,0.6376,-0.2054,0,0.0652,0.044788,73.9
702,64.551,70.6,12.6,1,683,501,416669.5,0.6364,-0.2099,0,0.0672,0.044788,71.4
703,64.628,73.2,13.0,1,684,509,422782.44,0.6318,-0.2276,0.035,0.0697,0.039264,74.2
704,64.709,72.7,12.5,1,688,517,428359.56,0.6277,-0.2438,0.0481,0.0789,0.039264,75.1
705,64.79,70.6,12.4,1,689,515,427967.28,0.6279,-0.2427,0.0309,0.0776,0.039264,71.4
706,64.867,71.5,12.9,1,686,516,428397.78,0.6276,-0.2439,0.0302,0.0689,0.043456,72.5
707,64.945,69.7,12.7,1,687,507,415535.4,0.6373,-0.2066,0,0.0744,0.043456,72.0
708,65.023,71.4,12.9,1,688,501,410527.47,0.6411,-0.1921,0,0.076,0.043456,72.2
709,65.101,71.8,12.8,1,690,492,401541.4,0.6483,-0.166,0,0.0801,0.041824,72.8
710,65.18,71.1,12.7,1,690,490,401018.97,0.6487,-0.1644,0,0.0781,0.041824,73.5
711,65.259,70.8,12.6,1,689,487,400414.84,0.6492,-0.1627,-0.0313,0.0756,0.041824,71.6
712,65.337,71.3,12.9,1,688,483,398492.1,0.6507,-0.1571,-0.0403,0.074,0.041457,72.2
713,65.415,69.2,12.8,1,688,481,398720.25,0.6506,-0.1578,-0.0421,0.075,0.041457,71.5
714,65.492,68.6,12.9,1,687,481,399335.38,0.6501,-0.1596,-0.0394,0.0724,0.041457,69.7
715,65.568,71.4,13.2,1,686,483,397649.66,0.6514,-0.1547,-0.0365,0.0709,0.043845,72.3
716,65.646,73.7,12.8,1,685,485,397506.25,0.6516,-0.1542,-0.0309,0.0694,0.043845,76.1
717,65.728,73.7,12.2,1,677,486,397162.4,0.6518,-0.1532,-0.0301,0.0501,0.043845,74.6
718,65.809,73.8,12.4,1,669,487,398542.44,0.6507,-0.1572,0,0.0376,0.033587,75.0
719,65.89,75.9,12.3,1,666,486,403547.44,0.6467,-0.1718,0,0.0379,0.033587,78.5
720,65.975,74.5,11.8,1,662,485,406914.4,0.644,-0.1816,0,0.0305,0.033587,75.3
721,66.056,73.1,12.3,1,660,481,403488.3,0.6467,-0.1716,-0.0398,0,0.035494,74.1
722,66.136,73.2,12.5,1,657,481,402357.8,0.6476,-0.1683,-0.0334,0,0.035494,75.6
723,66.218,73.7,12.3,1,656,481,399628.38,0.6498,-0.1604,-0.0334,0,0.035494,74.5
724,66.298,72.9,12.5,1,655,482,398202.97,0.651,-0.1563,-0.0329,0,0.037232,74.0
725,66.378,75.8,12.5,1,653,477,392363.88,0.6558,-0.1393,-0.0497,0,0.037232,78.3
726,66.462,76.6,11.9,1,650,476,390723.16,0.6572,-0.1345,-0.0468,0,0.037232,77.5
727,66.545,74.0,12.0,1,648,482,395439.38,0.6533,-0.1482,0,0,0.032402,74.9
728,66.626,79.6,12.4,1,646,492,403093.2,0.647,-0.1705,0,0,0.032402,82.0
729,66.714,74.5,11.4,1,648,501,402781.6,0.6473,-0.1696,0,0,0.032402,75.3
730,66.795,73.7,12.3,1,647,503,398121.4,0.651,-0.156,0,0,0.035619,74.7
731,66.876,74.6,12.4,1,640,506,393633.38,0.6548,-0.143,0,0,0.035619,77.0
732,66.958,73.3,12.1,1,630,512,392972.5,0.6553,-0.1411,0.0389,0,0.035619,74.1
733,67.039,76.4,12.5,1,618,528,395773.16,0.653,-0.1492,0.0984,-0.0456,0.026849,77.3
734,67.122,71.4,12.0,1,616,538,401386.97,0.6484,-0.1655,0.1071,-0.0395,0.026849,73.7
735,67.201,72.2,12.6,1,614,540,396351.25,0.6525,-0.1509,0.1177,-0.0426,0.016472,73.2
736,67.28,73.0,12.7,1,618,542,394326.06,0.6542,-0.145,0.1153,-0.0305,0.016472,74.1
737,67.36,74.2,12.5,1,625,546,391439.28,0.6566,-0.1366,0.1261,0,0.016472,76.5
738,67.442,73.5,12.2,1,634,544,378280.62,0.6679,-0.0984,0.1041,0,0.022725,74.6
739,67.523,71.3,12.4,1,638,544,369812.3,0.6755,-0.0738,0.1106,0,0.022725,72.4
740,67.601,75.4,12.8,1,649,555,374380.84,0.6714,-0.0871,0.1473,0,0.022725,77.6
741,67.684,72.7,12.0,1,654,567,379997.16,0.6664,-0.1034,0.1836,0,0.016977,73.6
742,67.764,72.4,12.6,1,660,576,374898.66,0.6709,-0.0886,0.1948,0.0372,0.016977,73.5
743,67.843,71.3,12.6,1,656,581,373268.94,0.6724,-0.0839,0.2,0,0.016977,73.5
744,67.922,70.0,12.6,1,657,589,369197.28,0.6761,-0.072,0.199,0,0.030247,70.9
745,67.999,69.5,13.0,1,656,595,367286.25,0.6778,-0.0665,0.2175,0,0.030247,70.6
746,68.076,70.7,13.0,1,658,603,360871.1,0.6838,0.0,0.2365,0.0301,0.030247,73.0
747,68.155,68.5,12.7,1,659,604,357062.28,0.6875,0.0,0.2295,0.0307,0.030247,69.4
748,68.23,72.1,13.3,1,662,609,356670.7,0.6878,0.0,0.2639,0.0374,0.018753,73.1
749,68.309,69.7,12.6,1,664,618,359718.8,0.6849,0.0,0.2807,0.0395,0.018753,72.2
750,68.386,71.8,12.8,1,667,624,366074.16,0.6789,-0.063,0.2892,0.0452,0.018753,72.8
751,68.465,74.2,12.7,1,679,633,383437.94,0.6634,-0.1134,0.3155,0.0725,0.01632,75.2
752,68.546,80.6,12.3,1,686,606,369208.97,0.6761,-0.0721,0.2145,0.078,0.01632,82.8
753,68.635,82.5,11.3,1,683,596,371015.06,0.6744,-0.0773,0.2177,0.0646,0.013741,83.4
754,68.724,73.1,11.2,1,678,588,364390.47,0.6805,-0.0581,0.2008,0.0545,0.013741,74.1
755,68.804,72.8,12.5,1,679,578,357492.75,0.687,0.0,0.1775,0.0619,0.013741,74.9
756,68.884,73.5,12.4,1,684,561,353124.6,0.6913,0.0,0.1259,0.0736,0.018008,74.4
757,68.965,73.3,12.5,1,684,551,346705.56,0.6977,0.0,0.1169,0.0688,0.018008,74.4
758,69.045,75.2,12.5,1,685,541,341533.78,0.7029,0.0,0.0965,0.0713,0.018008,77.4
759,69.128,75.7,12.0,1,686,529,338153.3,0.7064,0.0,0.0738,0.0728,0.014972,76.7
760,69.21,75.7,12.1,1,687,522,336808.16,0.7078,0.0,0.0637,0.0744,0.014972,76.9
761,69.293,74.1,12.1,1,691,514,333681.1,0.7111,0.0,0.0457,0.0835,0.014972,76.5
762,69.375,75.9,12.2,1,699,503,330978.03,0.714,0.0,0.0307,0.0997,0.00773,76.9
763,69.459,75.2,12.0,1,703,497,327363.84,0.718,0.0,0,0.1022,0.00773,76.5
764,69.541,74.9,12.1,1,706,491,323138.7,0.7226,0.0617,0,0.1059,0.00773,77.1
765,69.624,77.0,12.1,1,709,482,320458.97,0.7257,0.0695,0,0.1106,0.008762,78.0
766,69.708,76.3,11.9,1,711,465,321492.66,0.7245,0.0665,-0.0613,0.1128,0.008762,77.4
767,69.791,74.6,12.0,1,710,465,322688.4,0.7232,0.063,-0.04,0.1084,0.008762,76.9
768,69.874,77.1,12.1,1,704,466,318899.72,0.7274,0.074,-0.0447,0.0944,0.013797,78.1
769,69.957,76.5,11.9,1,700,466,316278.38,0.7304,0.0816,-0.043,0.09,0.013797,77.6
770,70.041,74.7,12.0,1,698,467,313682.25,0.7335,0.0892,-0.0396,0.0887,0.013797,76.9
771,70.124,78.2,12.1,1,693,465,311316.12,0.7362,0.096,-0.053,0.0782,0.017279,79.2
772,70.209,76.3,11.7,1,690,463,310213.66,0.7375,0.0992,-0.0552,0.0754,0.017279,78.6
773,70.293,76.8,11.9,1,684,459,306073.78,0.7425,0.1113,-0.066,0.0631,0.017279,77.8
774,70.377,75.5,11.9,1,681,458,304851.38,0.744,0.1148,-0.0738,0.0612,0.023133,76.4
775,70.459,78.0,12.2,1,677,454,303582.84,0.7456,0.1185,-0.0821,0.0542,0.023133,80.5
776,70.546,76.3,11.6,1,673,449,302271.47,0.7472,0.1223,-0.094,0.0478,0.023133,77.1
777,70.629,76.6,12.1,1,666,448,297937.2,0.7526,0.1349,-0.089,0.0341,0.021834,77.6
778,70.712,76.4,12.0,1,662,445,295389.5,0.7558,0.1423,-0.0984,0.0307,0.021834,78.8
779,70.797,76.1,11.8,1,655,443,292246.5,0.7599,0.1514,-0.0995,0,0.020639,77.1
780,70.879,76.7,12.1,1,650,443,291254.72,0.7612,0.1543,-0.0977,0,0.020639,77.8
781,70.963,76.9,12.0,1,644,446,294409.88,0.7571,0.1451,-0.0878,0,0.020639,79.1
782,71.048,74.4,11.8,1,635,446,291635.44,0.7607,0.1532,-0.0889,0,0.019069,75.4
783,71.129,75.2,12.3,1,623,445,285295.66,0.7691,0.1716,-0.0933,-0.038,0.019069,76.3
784,71.211,77.8,12.2,1,613,453,282286.8,0.7732,0.1803,-0.0656,-0.0513,0.019069,80.2
785,71.297,75.2,11.6,1,600,455,277446.5,0.7799,0.1944,-0.067,-0.0749,0.018101,76.2
786,71.379,74.7,12.2,1,595,456,275533.2,0.7826,0.1999,-0.0668,-0.0751,0.018101,75.9
787,71.461,75.7,12.2,1,591,458,274321.3,0.7843,0.2035,-0.0614,-0.0803,0.018101,78.0
788,71.544,74.7,11.9,1,589,459,272717.1,0.7866,0.2081,-0.0573,-0.0816,0.01604,75.8
789,71.626,74.1,12.2,1,585,460,272907.88,0.7863,0.2076,-0.0564,-0.0898,0.01604,75.2
790,71.707,75.6,12.3,1,578,470,280957.75,0.775,0.1842,0,-0.1034,0.01604,77.9
791,71.791,74.7,12.0,1,575,474,279436.7,0.7771,0.1886,0,-0.1044,0.014901,75.7
792,71.873,74.5,12.2,1,571,475,274990.06,0.7834,0.2015,0,-0.1116,0.014901,76.1
793,71.955,73.2,12.2,1,568,475,271633.78,0.7882,0.2113,0,-0.1154,0.014901,74.9
794,72.035,73.6,12.4,1,566,476,266394.16,0.7959,0.2265,0,-0.1176,0.015529,74.6
795,72.116,73.6,12.5,1,565,481,265110.8,0.7978,0.2302,0,-0.1182,0.015529,74.7
796,72.196,74.4,12.4,1,563,486,263475.72,0.8003,0.2349,0,-0.1222,0.015529,76.6
797,72.279,76.4,12.1,1,561,487,262043.98,0.8025,0.2391,0,-0.1253,0.015223,78.3
798,72.363,73.7,11.9,1,561,487,260630.75,0.8047,0.2432,0,-0.1234,0.015223,74.8
799,72.443,72.8,12.4,1,562,490,259520.47,0.8064,0.2464,0,-0.1209,0.015223,75.4
800,72.524,71.8,12.3,1,562,501,258841.4,0.8074,0.2484,0.0417,-0.1219,0.016092,72.7
801,72.603,72.4,12.7,1,561,504,258102.08,0.8086,0.2505,0.0378,-0.1244,0.016092,73.5
802,72.682,73.0,12.6,1,561,508,257192.08,0.81,0.2532,0.0474,-0.1234,0.016092,75.2
803,72.763,72.8,12.4,1,563,516,257600.98,0.8094,0.252,0.0692,-0.1183,0.016185,73.8
804,72.843,72.8,12.6,1,565,523,259020.28,0.8072,0.2479,0.0824,-0.1153,0.016185,75.1
805,72.924,72.4,12.4,1,573,540,261873.66,0.8027,0.2396,0.1312,-0.0968,0.016185,73.4
806,73.003,72.4,12.6,1,577,545,259945.02,0.8057,0.2452,0.1282,-0.0945,0.014713,73.4
807,73.083,73.9,12.5,1,581,556,260092.55,0.8055,0.2448,0.1577,-0.0884,0.014713,75.0
808,73.164,75.1,12.4,1,581,561,260173.25,0.8054,0.2445,0.1603,-0.0922,0.014713,77.4
809,73.247,77.7,12.0,1,587,566,256986.34,0.8103,0.2538,0.1778,-0.0773,0.010206,78.7
810,73.331,78.0,11.9,1,592,567,258025.38,0.8087,0.2508,0.1723,-0.0705,0.010206,80.3
811,73.418,78.2,11.5,1,606,569,258687.3,0.8077,0.2488,0.1776,-0.0404,0.010206,79.2
812,73.503,75.5,11.8,1,628,576,262190.56,0.8023,0.2387,0.1855,0,0.018377,76.5
813,73.585,76.1,12.2,1,638,577,261277.66,0.8037,0.2413,0.1849,0,0.018377,78.5
814,73.67,75.9,11.8,1,642,573,259330.56,0.8067,0.247,0.1703,0,0.018377,76.8
815,73.752,74.7,12.1,1,640,570,256791.95,0.8106,0.2544,0.1672,0,0.017218,75.7
816,73.834,75.1,12.3,1,633,570,256627.97,0.8109,0.2548,0.1703,0,0.017218,77.5
817,73.917,78.3,12.0,1,629,575,259240.08,0.8068,0.2472,0.1845,0,0.018684,79.2
818,74.002,75.8,11.7,1,627,573,257933.38,0.8089,0.251,0.1725,0,0.018684,76.9
819,74.084,77.7,12.1,1,623,577,259851.12,0.8059,0.2455,0.1883,-0.0302,0.018684,80.0
820,74.17,77.2,11.7,1,620,582,265828.25,0.7967,0.2281,0.198,-0.034,0.019937,78.2
821,74.254,77.7,11.9,1,618,574,258586.34,0.8078,0.2491,0.166,-0.0362,0.019937,78.8
822,74.339,76.9,11.8,1,617,570,254756.22,0.8139,0.2603,0.1627,-0.0369,0.019937,79.1
823,74.424,78.3,11.8,1,615,566,249558.42,0.8223,0.2754,0.1519,-0.0409,0.021479,79.4
824,74.509,81.5,11.7,1,619,571,250361.48,0.821,0.273,0.1739,0,0.021479,84.0
825,74.599,78.0,11.1,1,627,570,247639.45,0.8255,0.2809,0.1648,0,0.021479,79.1
826,74.685,76.2,11.7,1,642,571,246491.6,0.8274,0.2843,0.1688,0,0.02184,77.1
827,74.767,75.4,12.1,1,653,579,247879.44,0.8251,0.2802,0.1944,0.0306,0.02184,77.4
828,74.851,77.1,12.0,1,649,581,248576.17,0.8239,0.2782,0.1911,0,0.02184,78.3
829,74.935,73.3,11.9,-1,0,0,0,0.0,0.0,0.0,0.0,0.0,0.0
830,75.014,77.2,12.6,1,649,573,243894.55,0.8318,0.2918,0.1674,0,0.021346,78.1
831,75.098,76.7,11.9,1,648,570,242924.4,0.8335,0.2946,0.1625,0,0.021346,79.0
832,75.183,75.8,11.8,1,650,572,241398.78,0.8361,0.299,0.1731,0,0.021201,76.8
833,75.265,77.9,12.1,1,657,569,240902.81,0.837,0.3005,0.1606,0.0329,0.021201,80.4
834,75.351,76.7,11.6,1,662,569,241890.16,0.8352,0.2976,0.1642,0.0391,0.021201,77.5
835,75.434,77.6,12.0,1,663,574,240673.81,0.8374,0.3012,0.1813,0.0369,0.020885,78.6
836,75.519,77.3,11.9,1,661,575,238791.88,0.8406,0.3066,0.1782,0.031,0.020885,79.8
837,75.604,77.7,11.7,1,667,573,237825.03,0.8424,0.3094,0.1689,0.0477,0.021852,78.6
838,75.689,76.3,11.9,1,666,571,234708.69,0.8479,0.3185,0.1652,0.0397,0.021852,77.5
839,75.772,77.3,12.0,1,664,574,231755.97,0.8533,0.327,0.1776,0.0357,0.021852,79.6
840,75.857,76.5,11.7,1,671,570,228584.47,0.8592,0.3363,0.1561,0.055,0.024705,77.5
841,75.941,73.7,12.0,1,680,567,225018.73,0.866,0.3466,0.1527,0.0712,0.024705,74.8
842,76.021,76.7,12.4,1,685,576,222911.86,0.8701,0.3527,0.1864,0.0749,0.024705,78.9
843,76.106,77.0,11.8,1,689,584,222612.34,0.8707,0.3536,0.2038,0.0803,0.023504,78.0
844,76.189,74.9,12.0,1,689,588,220705.25,0.8744,0.3591,0.2066,0.0766,0.023504,76.0
845,76.271,76.7,12.2,1,686,593,218563.48,0.8787,0.3654,0.2181,0.0691,0.023504,78.9
846,76.356,73.5,11.8,1,678,594,216177.39,0.8835,0.3723,0.2146,0.0516,0.023951,74.5
847,76.437,75.6,12.3,1,678,601,214386.19,0.8872,0.3775,0.2367,0.0594,0.023951,78.0
848,76.521,74.5,12.0,1,690,611,214422.95,0.8871,0.3774,0.2618,0.0897,0.023951,75.5
849,76.602,73.9,12.3,1,696,617,213866.36,0.8883,0.379,0.268,0.0933,0.024694,74.9
850,76.683,77.5,12.3,1,689,615,212672.92,0.8908,0.3825,0.2541,0.0702,0.024694,79.1
851,76.769,77.8,11.7,1,686,614,214235.67,0.8875,0.3779,0.2533,0.0692,0.024694,80.1
852,76.855,78.3,11.6,1,681,581,210321.39,0.8957,0.3893,0.1448,0.0595,0.025008,79.3
853,76.94,83.9,11.8,1,676,578,214255.36,0.8875,0.3779,0.1758,0.052,0.025008,86.2
854,77.032,79.2,10.9,1,677,587,219091.33,0.8776,0.3638,0.2088,0.0587,0.025008,80.0
855,77.117,76.5,11.7,1,682,587,220302.75,0.8752,0.3603,0.1965,0.0703,0.025887,77.4
856,77.201,76.5,12.0,1,683,591,222605.48,0.8707,0.3536,0.2103,0.0681,0.025887,79.0
857,77.285,73.7,11.8,1,690,587,221368.1,0.8731,0.3572,0.1913,0.0849,0.02619,74.6
858,77.366,77.7,12.4,1,695,583,220452.8,0.8749,0.3599,0.1835,0.0906,0.02619,78.8
859,77.45,78.7,11.8,1,699,582,221274.5,0.8733,0.3575,0.1851,0.0958,0.02619,81.1
860,77.538,76.3,11.4,1,700,583,220897.52,0.874,0.3586,0.1876,0.0947,0.027431,77.3
861,77.621,80.7,12.0,1,695,575,218899.58,0.878,0.3644,0.161,0.0815,0.027431,81.9
862,77.71,79.2,11.3,1,686,560,217492.62,0.8808,0.3685,0.1215,0.0639,0.027431,81.5
863,77.797,81.9,11.4,1,686,553,217062.25,0.8817,0.3697,0.1161,0.0719,0.027679,82.8
864,77.886,83.6,11.3,1,687,546,215489.97,0.8849,0.3743,0.1019,0.0743,0.027679,86.1
865,77.978,82.8,10.8,1,689,540,215272.44,0.8854,0.3749,0.0903,0.0783,0.027679,83.6
866,78.068,79.7,11.1,1,688,533,214727.11,0.8865,0.3765,0.074,0.0741,0.027881,80.7
867,78.155,78.9,11.6,1,685,525,213449.73,0.8891,0.3802,0.0563,0.0676,0.027881,81.3
868,78.242,77.6,11.5,1,686,523,213146.72,0.8898,0.3811,0.0588,0.0728,0.02816,78.6
869,78.326,79.9,11.8,1,684,522,213409.64,0.8892,0.3803,0.0581,0.067,0.02816,81.0
870,78.413,77.2,11.5,1,684,522,213901.84,0.8882,0.3789,0.0593,0.0688,0.02816,79.5
871,78.498,78.6,11.7,1,686,521,214247.7,0.8875,0.3779,0.0562,0.0737,0.028029,79.5
872,78.583,79.4,11.7,1,689,519,215689.55,0.8845,0.3737,0.0508,0.0793,0.028029,80.5
873,78.67,79.7,11.6,1,691,516,214874.06,0.8862,0.3761,0.0434,0.0815,0.028029,81.9
874,78.757,85.7,11.4,1,693,511,213584.14,0.8889,0.3798,0.0318,0.0845,0.027471,86.7
875,78.85,87.5,10.8,1,696,511,214109.27,0.8878,0.3783,0.0371,0.0899,0.027471,90.0
876,78.946,83.0,10.4,1,694,508,212875.2,0.8903,0.3819,0,0.0826,0.027471,84.0
877,79.037,79.7,11.0,1,693,506,213165.31,0.8897,0.381,0,0.0819,0.028903,80.7
878,79.124,78.8,11.5,1,693,506,213409.77,0.8892,0.3803,0,0.0828,0.028903,81.3
879,79.211,81.6,11.5,1,693,504,213684.25,0.8887,0.3795,0,0.0828,0.02893,82.7
880,79.3,79.1,11.3,1,694,503,213801.0,0.8884,0.3792,0,0.0853,0.02893,80.3
881,79.387,77.8,11.6,1,695,501,213925.27,0.8882,0.3788,0,0.0868,0.02893,80.1
882,79.473,75.9,11.6,1,696,501,213054.4,0.89,0.3814,0,0.0884,0.029378,76.9
883,79.555,78.9,12.1,1,695,500,212995.0,0.8901,0.3815,0,0.085,0.029378,80.1
884,79.641,79.6,11.6,1,693,496,211912.69,0.8924,0.3847,0,0.081,0.029378,81.8
885,79.729,80.9,11.4,1,692,493,212088.84,0.892,0.3842,0,0.0804,0.029918,81.8
886,79.816,79.6,11.4,1,695,489,212650.45,0.8908,0.3825,0,0.0886,0.029918,82.1
887,79.904,78.8,11.4,1,696,484,212471.9,0.8912,0.383,0,0.0884,0.029918,79.6
888,79.99,83.2,11.7,1,690,477,212685.11,0.8907,0.3824,-0.0454,0.0729,0.030635,84.1
889,80.08,75.1,11.1,1,689,477,213203.38,0.8897,0.3809,-0.0369,0.0756,0.030635,77.5
890,80.163,80.1,12.0,1,684,479,213389.55,0.8893,0.3804,-0.0316,0.0642,0.031471,81.0
891,80.25,77.7,11.5,1,681,480,214274.38,0.8874,0.3778,-0.0302,0.0613,0.031471,78.8
892,80.334,79.0,11.8,1,674,478,213870.33,0.8883,0.379,-0.038,0.0468,0.031471,81.2
893,80.421,76.8,11.5,1,668,476,213891.03,0.8882,0.3789,-0.0428,0.0381,0.031751,77.9
894,80.505,77.4,11.9,1,663,474,214461.39,0.887,0.3773,-0.0467,0.0313,0.031751,78.5
895,80.589,77.0,11.9,1,660,472,215247.11,0.8854,0.375,-0.0509,0,0.031751,79.3
896,80.674,76.4,11.8,1,654,471,215811.69,0.8843,0.3733,-0.0524,0,0.03215,77.4
897,80.757,77.3,12.0,1,646,469,215547.34,0.8848,0.3741,-0.0576,0,0.03215,78.4
898,80.842,77.0,11.9,1,636,467,214180.45,0.8876,0.3781,-0.0617,0,0.03215,79.2
899,80.926,76.0,11.8,1,630,467,213126.64,0.8898,0.3811,-0.0598,0,0.03249,77.0
900,81.009,74.7,12.1,1,628,469,212791.27,0.8905,0.3821,-0.0529,0,0.03249,76.6
901,81.092,76.7,12.1,1,620,471,211199.56,0.8939,0.3867,-0.0488,-0.0387,0.03249,78.1
902,81.176,75.1,11.9,1,617,472,210364.88,0.8956,0.3892,-0.0484,-0.0388,0.0328,76.1
903,81.257,76.4,12.2,1,614,475,209501.58,0.8975,0.3917,-0.0395,-0.0434,0.0328,79.0
904,81.342,76.3,11.8,1,613,482,208571.33,0.8995,0.3944,0,-0.0431,0.0328,77.2
905,81.425,78.1,12.1,1,604,491,207129.27,0.9026,0.3986,0,-0.0645,0.033214,79.2
906,81.51,76.6,11.8,1,603,497,206508.92,0.904,0.4004,0,-0.0587,0.033214,79.0
907,81.595,75.2,11.8,1,602,498,205055.67,0.9072,0.4046,0,-0.0603,0.033214,76.1
908,81.677,74.8,12.2,1,603,497,204812.98,0.9077,0.4053,0,-0.0569,0.03352,75.7
909,81.758,74.2,12.3,1,603,497,205048.17,0.9072,0.4046,0,-0.0578,0.03352,76.7
910,81.841,73.9,12.1,1,603,495,204255.34,0.9089,0.4069,0,-0.0578,0.033951,74.9
911,81.921,72.7,12.4,1,604,495,203593.36,0.9104,0.4088,0,-0.0553,0.033951,73.8
912,82.001,71.4,12.5,1,605,495,202987.39,0.9118,0.4106,0,-0.0537,0.033951,73.5
913,82.08,74.8,12.6,1,608,497,202722.56,0.9124,0.4114,0,-0.0471,0.034033,75.7
914,82.162,74.8,12.3,1,610,499,202493.8,0.9129,0.412,0,-0.045,0.034033,75.9
915,82.243,76.5,12.2,1,619,506,200642.55,0.9171,0.4174,0,0,0.034033,78.8
916,82.328,76.6,11.8,1,628,518,199733.5,0.9192,0.42,0.0601,0,0.034061,77.7
917,82.411,81.4,12.0,1,633,527,198065.92,0.923,0.4249,0.0744,0,0.034061,82.6
918,82.5,78.5,11.3,1,635,545,198707.61,0.9215,0.423,0.123,0,0.034061,80.9
919,82.586,77.3,11.6,1,631,559,198205.33,0.9227,0.4245,0.1474,0,0.034377,78.3
920,82.671,75.9,11.9,1,631,573,197974.56,0.9232,0.4251,0.177,0,0.034377,77.1
921,82.753,75.8,12.1,1,634,581,197423.34,0.9245,0.4267,0.186,0,0.034377,78.1
922,82.837,77.1,11.9,1,634,583,198072.89,0.923,0.4249,0.1805,0,0.035763,78.1
923,82.921,78.1,11.9,1,640,602,200977.03,0.9163,0.4164,0.2416,0,0.035763,79.5
924,83.006,76.0,11.7,1,640,612,200722.08,0.9169,0.4172,0.2517,0,0.035763,77.9
925,83.09,92.7,12.0,1,646,639,204543.14,0.9083,0.4061,0.3138,0,0.042436,93.7
926,83.189,97.1,10.1,1,651,664,204404.3,0.9086,0.4065,0.3656,0,0.042436,99.6
927,83.294,79.9,9.5,1,665,688,204949.3,0.9074,0.4049,0.4203,0.0517,0.04212,80.9
928,83.381,69.2,11.6,1,670,693,205339.39,0.9065,0.4038,0.4084,0.052,0.04212,70.4
929,83.457,67.0,13.1,-1,0,0,0,0.0,0.0,0.0,0.0,0.0,0.0
930,83.531,69.1,13.6,1,701,700,209600.25,0.8973,0.3914,0.4206,0.1114,0.042459,71.3
931,83.608,79.5,13.0,1,728,705,215446.83,0.885,0.3744,0.4323,0.1619,0.042459,80.8
932,83.694,69.3,11.5,1,749,711,220155.86,0.8755,0.3607,0.4468,0.1914,0.042459,71.8
933,83.772,68.3,12.8,1,774,711,222849.84,0.8702,0.3529,0.4376,0.2352,0.043159,69.3
934,83.847,71.7,13.4,1,783,721,224292.97,0.8674,0.3487,0.4722,0.2324,0.043159,72.8
935,83.926,67.3,12.7,1,785,720,222561.66,0.8708,0.3537,0.4554,0.2286,0.043159,69.5
936,84.001,69.0,13.2,1,789,708,218135.77,0.8795,0.3666,0.4153,0.2369,0.043159,69.9
937,84.077,70.0,13.2,1,790,697,217681.08,0.8805,0.3679,0.3934,0.2354,0.043484,71.0
938,84.153,73.8,13.1,1,806,721,220631.81,0.8746,0.3594,0.4892,0.2747,0.043484,76.1
939,84.235,74.1,12.2,1,827,725,222714.05,0.8705,0.3533,0.4721,0.3125,0.043484,74.9
940,84.316,69.8,12.4,-1,0,0,0,0.0,0.0,0.0,0.0,0.0,0.0
941,84.392,67.1,13.2,-1,0,0,0,0.0,0.0,0.0,0.0,0.0,0.0
942,84.464,80.1,13.7,1,887,706,225098.5,0.8658,0.3464,0.4188,0.4059,0.04356,81.1
943,84.551,84.0,11.5,1,899,680,232276.12,0.8524,0.3255,0.3429,0.4149,0.044096,86.5
944,84.644,74.9,10.8,1,915,686,236426.33,0.8448,0.3135,0.3926,0.4447,0.044096,77.3
945,84.726,77.8,12.1,1,932,696,241567.38,0.8358,0.2986,0.4176,0.472,0.044476,78.7
946,84.811,72.1,11.8,1,949,698,247643.98,0.8255,0.2809,0.4123,0.4996,0.044476,73.2
947,84.89,74.3,12.7,1,969,711,260825.19,0.8044,0.2426,0.4532,0.5331,0.044476,76.6
948,84.972,76.7,12.1,-1,0,0,0,0.0,0.0,0.0,0.0,0.0,0.0
949,85.055,67.2,12.1,-1,0,0,0,0.0,0.0,0.0,0.0,0.0,0.0
950,85.128,69.8,13.7,-1,0,0,0,0.0,0.0,0.0,0.0,0.0,0.0
951,85.203,67.9,13.2,-1,0,0,0,0.0,0.0,0.0,0.0,0.0,0.0
952,85.277,64.9,13.6,-1,0,0,0,0.0,0.0,0.0,0.0,0.0,0.0
953,85.348,66.0,14.2,-1,0,0,0,0.0,0.0,0.0,0.0,0.0,0.0
954,85.419,66.1,13.9,-1,0,0,0,0.0,0.0,0.0,0.0,0.0,0.0
955,85.491,69.1,13.9,-1,0,0,0,0.0,0.0,0.0,0.0,0.0,0.0
956,85.566,63.1,13.3,-1,0,0,0,0.0,0.0,0.0,0.0,0.0,0.0
957,85.636,61.7,14.5,-1,0,0,0,0.0,0.0,0.0,0.0,0.0,0.0
958,85.703,62.4,14.8,-1,0,0,0,0.0,0.0,0.0,0.0,0.0,0.0
959,85.771,63.8,14.6,-1,0,0,0,0.0,0.0,0.0,0.0,0.0,0.0
960,85.841,63.4,14.4,-1,0,0,0,0.0,0.0,0.0,0.0,0.0,0.0
961,85.91,63.2,14.5,-1,0,0,0,0.0,0.0,0.0,0.0,0.0,0.0
962,85.979,65.1,14.5,-1,0,0,0,0.0,0.0,0.0,0.0,0.0,0.0
963,86.051,66.7,13.9,-1,0,0,0,0.0,0.0,0.0,0.0,0.0,0.0
964,86.123,62.4,13.8,-1,0,0,0,0.0,0.0,0.0,0.0,0.0,0.0
965,86.192,64.8,14.6,-1,0,0,0,0.0,0.0,0.0,0.0,0.0,0.0
966,86.262,64.4,14.2,-1,0,0,0,0.0,0.0,0.0,0.0,0.0,0.0
967,86.333,65.2,14.2,-1,0,0,0,0.0,0.0,0.0,0.0,0.0,0.0
968,86.404,64.7,14.1,-1,0,0,0,0.0,0.0,0.0,0.0,0.0,0.0
969,86.474,66.1,14.2,-1,0,0,0,0.0,0.0,0.0,0.0,0.0,0.0
970,86.546,65.5,13.9,-1,0,0,0,0.0,0.0,0.0,0.0,0.0,0.0
971,86.618,63.9,14.0,-1,0,0,0,0.0,0.0,0.0,0.0,0.0,0.0
972,86.687,60.8,14.4,-1,0,0,0,0.0,0.0,0.0,0.0,0.0,0.0
973,86.754,61.4,15.0,-1,0,0,0,0.0,0.0,0.0,0.0,0.0,0.0
974,86.821,60.2,14.9,-1,0,0,0,0.0,0.0,0.0,0.0,0.0,0.0
975,86.887,60.9,15.2,-1,0,0,0,0.0,0.0,0.0,0.0,0.0,0.0
976,86.954,63.4,15.0,-1,0,0,0,0.0,0.0,0.0,0.0,0.0,0.0
977,87.023,62.2,14.4,-1,0,0,0,0.0,0.0,0.0,0.0,0.0,0.0
978,87.091,61.4,14.7,-1,0,0,0,0.0,0.0,0.0,0.0,0.0,0.0
979,87.158,60.8,14.9,-1,0,0,0,0.0,0.0,0.0,0.0,0.0,0.0
980,87.225,60.2,15.0,-1,0,0,0,0.0,0.0,0.0,0.0,0.0,0.0
981,87.291,62.8,15.1,-1,0,0,0,0.0,0.0,0.0,0.0,0.0,0.0
982,87.36,61.6,14.6,-1,0,0,0,0.0,0.0,0.0,0.0,0.0,0.0
983,87.427,61.3,14.8,-1,0,0,0,0.0,0.0,0.0,0.0,0.0,0.0
984,87.494,61.8,14.9,-1,0,0,0,0.0,0.0,0.0,0.0,0.0,0.0
985,87.562,62.6,14.8,-1,0,0,0,0.0,0.0,0.0,0.0,0.0,0.0
986,87.63,64.6,14.6,-1,0,0,0,0.0,0.0,0.0,0.0,0.0,0.0
987,87.701,72.2,14.2,-1,0,0,0,0.0,0.0,0.0,0.0,0.0,0.0
988,87.779,62.2,12.8,-1,0,0,0,0.0,0.0,0.0,0.0,0.0,0.0
989,87.847,63.6,14.7,-1,0,0,0,0.0,0.0,0.0,0.0,0.0,0.0
990,87.916,62.4,14.4,-1,0,0,0,0.0,0.0,0.0,0.0,0.0,0.0
991,87.985,63.3,14.7,-1,0,0,0,0.0,0.0,0.0,0.0,0.0,0.0
992,88.054,62.8,14.4,-1,0,0,0,0.0,0.0,0.0,0.0,0.0,0.0
993,88.122,63.0,14.5,-1,0,0,0,0.0,0.0,0.0,0.0,0.0,0.0
994,88.191,63.4,14.5,-1,0,0,0,0.0,0.0,0.0,0.0,0.0,0.0
995,88.261,63.3,14.4,-1,0,0,0,0.0,0.0,0.0,0.0,0.0,0.0
996,88.33,67.8,14.4,-1,0,0,0,0.0,0.0,0.0,0.0,0.0,0.0
997,88.404,74.7,13.6,-1,0,0,0,0.0,0.0,0.0,0.0,0.0,0.0
998,88.484,59.3,12.4,-1,0,0,0,0.0,0.0,0.0,0.0,0.0,0.0
999,88.55,60.8,15.4,-1,0,0,0,0.0,0.0,0.0,0.0,0.0,0.0
1000,88.616,58.2,15.1,-1,0,0,0,0.0,0.0,0.0,0.0,0.0,0.0
1001,88.679,57.3,15.7,-1,0,0,0,0.0,0.0,0.0,0.0,0.0,0.0
1002,88.742,58.1,15.9,-1,0,0,0,0.0,0.0,0.0,0.0,0.0,0.0
1003,88.806,60.3,15.7,-1,0,0,0,0.0,0.0,0.0,0.0,0.0,0.0
1004,88.872,56.3,15.2,-1,0,0,0,0.0,0.0,0.0,0.0,0.0,0.0
1005,88.934,56.9,16.0,-1,0,0,0,0.0,0.0,0.0,0.0,0.0,0.0
1006,88.997,63.0,16.0,-1,0,0,0,0.0,0.0,0.0,0.0,0.0,0.0
1007,89.065,55.9,14.6,-1,0,0,0,0.0,0.0,0.0,0.0,0.0,0.0
1008,89.126,58.9,16.3,-1,0,0,0,0.0,0.0,0.0,0.0,0.0,0.0
1009,89.191,75.9,15.5,-1,0,0,0,0.0,0.0,0.0,0.0,0.0,0.0
1010,89.272,82.9,12.3,-1,0,0,0,0.0,0.0,0.0,0.0,0.0,0.0
1011,89.361,71.2,11.2,-1,0,0,0,0.0,0.0,0.0,0.0,0.0,0.0
1012,89.438,60.7,13.0,-1,0,0,0,0.0,0.0,0.0,0.0,0.0,0.0
1013,89.505,57.7,15.0,-1,0,0,0,0.0,0.0,0.0,0.0,0.0,0.0
1014,89.568,57.2,15.7,-1,0,0,0,0.0,0.0,0.0,0.0,0.0,0.0
1015,89.631,56.5,16.0,-1,0,0,0,0.0,0.0,0.0,0.0,0.0,0.0
1016,89.693,57.4,16.2,-1,0,0,0,0.0,0.0,0.0,0.0,0.0,0.0
1017,89.756,56.7,15.9,-1,0,0,0,0.0,0.0,0.0,0.0,0.0,0.0
1018,89.818,56.0,16.1,-1,0,0,0,0.0,0.0,0.0,0.0,0.0,0.0
1019,89.879,59.2,16.3,-1,0,0,0,0.0,0.0,0.0,0.0,0.0,0.0
1020,89.944,55.1,15.5,-1,0,0,0,0.0,0.0,0.0,0.0,0.0,0.0
1021,90.005,56.6,16.5,-1,0,0,0,0.0,0.0,0.0,0.0,0.0,0.0
1022,90.067,56.6,16.1,-1,0,0,0,0.0,0.0,0.0,0.0,0.0,0.0
1023,90.129,55.7,16.1,-1,0,0,0,0.0,0.0,0.0,0.0,0.0,0.0
1024,90.19,56.2,16.4,-1,0,0,0,0.0,0.0,0.0,0.0,0.0,0.0
1025,90.252,56.7,16.2,-1,0,0,0,0.0,0.0,0.0,0.0,0.0,0.0
1026,90.314,54.6,16.1,-1,0,0,0,0.0,0.0,0.0,0.0,0.0,0.0
1027,90.374,56.5,16.6,-1,0,0,0,0.0,0.0,0.0,0.0,0.0,0.0
1028,90.436,57.1,16.1,-1,0,0,0,0.0,0.0,0.0,0.0,0.0,0.0
1029,90.499,56.7,15.9,-1,0,0,0,0.0,0.0,0.0,0.0,0.0,0.0
1030,90.561,56.1,16.1,-1,0,0,0,0.0,0.0,0.0,0.0,0.0,0.0
1031,90.623,56.2,16.2,-1,0,0,0,0.0,0.0,0.0,0.0,0.0,0.0
1032,90.684,55.7,16.2,-1,0,0,0,0.0,0.0,0.0,0.0,0.0,0.0
1033,90.746,54.9,16.3,-1,0,0,0,0.0,0.0,0.0,0.0,0.0,0.0
1034,90.806,55.7,16.6,-1,0,0,0,0.0,0.0,0.0,0.0,0.0,0.0
1035,90.867,55.7,16.3,-1,0,0,0,0.0,0.0,0.0,0.0,0.0,0.0
1036,90.928,56.3,16.4,-1,0,0,0,0.0,0.0,0.0,0.0,0.0,0.0
1037,90.99,56.1,16.2,-1,0,0,0,0.0,0.0,0.0,0.0,0.0,0.0
