Time_Sec,Distance_Est,BB_Area,v_x,v_z,omega_z
9.640026330947876,0.8515267036683729,232727.25,0.5035152,0.28075967825199993,0.1234375
9.69603681564331,0.8349203420343732,242077.09375,0.48356886666666665,0.284817907721229,0.109375
9.803193807601929,0.8581109086374197,229169.5625,0.5111049333333333,0.28682757824943017,0.159375
9.871119976043701,0.8654776816442947,225284.875,0.5193922666666667,0.2638837444620801,0.18125
9.92640495300293,0.860456050432235,227922.078125,0.5137662333333334,0.24303872945884328,0.1875
9.981300354003906,0.8546572099172625,231025.46875,0.5071456666666667,0.2346886808494469,0.184375
10.043771266937256,0.8578848983429971,229290.328125,0.5108473,0.2554392505973007,0.1890625
10.1002676486969,0.874917370918111,220449.796875,0.5297071,0.29131409788358786,0.2046875
10.214352130889893,0.8922439963770232,211971.03125,0.5477951333333333,0.31317500790194636,0.2546875
10.271678924560547,0.879984225348613,217918.453125,0.5351073,0.3006750079019464,0.2671875
10.328584909439087,0.8991134616396603,208744.375,0.5546786666666667,0.2673416745686131,0.2640625
10.38497281074524,0.8872236557446065,214376.6875,0.5426630666666666,0.2623985653587033,0.2625
10.44456148147583,0.8896911197820421,213189.234375,0.5451963,0.24364856535870333,0.246875
10.49577784538269,0.895197657786905,210574.5625,0.5507742666666666,0.23114856535870332,0.2453125
10.554605960845947,0.9013855028090003,207693.375,0.5569208,0.22489856535870334,0.246875
10.610296487808228,0.9043764667115375,206321.875,0.5598466666666667,0.174636236884548,0.25
10.664562702178955,0.9002857059889589,208201.125,0.5558376,0.15796957021788133,0.2453125
10.724333763122559,0.9055160908299484,205802.875,0.5609538666666667,0.14755290355121467,0.25
10.773298025131226,0.910345344278598,203625.15625,0.5655996666666666,0.14130290355121466,0.253125
10.838127374649048,0.9142091157539401,201907.609375,0.5692637666666667,0.13505290355121466,0.259375
10.895952224731445,0.910306228245418,203642.65625,0.5655623333333333,0.11128617834962298,0.2734375
10.948601722717285,0.9052224703268013,205936.40625,0.560669,0.11753617834962299,0.2859375
11.004745483398438,0.8968441877791853,209802.078125,0.5524222333333333,0.12586951168295632,0.2953125
11.062191247940063,0.8960693655797981,210165.0625,0.5516478666666667,0.13836951168295633,0.2984375
11.112709760665894,0.8965018055734819,209962.359375,0.5520803,0.12446921484519186,0.2984375
11.175964117050171,0.8935874478913579,211334.140625,0.5491538333333333,0.12655254817852518,0.2984375
11.235552310943604,0.8997830434754455,208433.8125,0.5553412,0.12238588151185853,0.2953125
11.292453527450562,0.8935213547595491,211365.40625,0.5490871333333334,0.11821921484519185,0.2921875
11.355955362319946,0.8929648520594168,211628.9375,0.5485249333333333,0.11405254817852518,0.2890625
11.41030764579773,0.8930655763076288,211581.203125,0.5486267666666667,0.10293112919067718,0.2859375
11.464595317840576,0.8927669647367208,211722.765625,0.5483247666666666,0.10293112919067718,0.28125
11.52534556388855,0.8918019567770924,212181.21875,0.5473467333333333,0.10501446252401052,0.2703125
11.579489946365356,0.8909425010611884,212590.78125,0.546473,0.11751446252401052,0.25
11.640148639678955,0.8955008436338322,210432.0,0.5510784,0.13656343947223062,0.2328125
11.69507622718811,0.898025269583097,209250.578125,0.5535987666666666,0.14489677280556396,0.225
11.753971338272095,0.9024099906454545,207222.0625,0.5579262666666667,0.14281343947223063,0.2234375
11.809146881103516,0.9079347371134665,204707.859375,0.5632899,0.13864677280556395,0.2265625
11.86864948272705,0.9064422836205804,205382.515625,0.5618506333333333,0.1268909292191127,0.2359375
11.928276062011719,0.9030941648464373,206908.203125,0.5585958333333333,0.11855759588577937,0.2390625
11.978899478912354,0.8973080534739738,209585.21875,0.5528848666666667,0.11022426255244604,0.2390625
12.036748886108398,0.8987268665522494,208924.0,0.5542954666666666,0.10605759588577937,0.2375
12.091970443725586,0.8979489353098709,209286.15625,0.5535228666666666,0.09147426255244603,0.2359375
12.145991802215576,0.8956004331256561,210385.203125,0.5511782333333334,0.0892129428223959,0.234375
12.207005977630615,0.8947738007122864,210774.109375,0.5503485666666666,0.08504627615572924,0.2375
12.265416622161865,0.8942033701010108,211043.109375,0.5497747,0.08296294282239591,0.240625
12.319636583328247,0.895315386511514,210519.1875,0.5508924,0.08296294282239591,0.24375
12.376460075378418,0.8990637978195763,208767.4375,0.5546294666666667,0.07920334434360644,0.2453125
12.425682783126831,0.897911294963018,209303.703125,0.5534854333333333,0.07920334434360644,0.2453125
12.488747596740723,0.8986075855420596,208979.46875,0.5541771333333333,0.07712001101027312,0.2421875
12.550127744674683,0.9000719748830525,208300.015625,0.5556266333333333,0.07295334434360645,0.2421875
12.607779502868652,0.8994702331222908,208578.8125,0.5550318666666667,0.07273148923668658,0.240625
12.659853458404541,0.898017222892071,209254.328125,0.5535907666666666,0.06648148923668659,0.2421875
12.72050666809082,0.8960407205838504,210178.5,0.5516192,0.06023148923668658,0.24375
12.77512526512146,0.8923170757076114,211936.3125,0.5478692,0.056064822570019913,0.2453125
12.82917857170105,0.8926998678065642,211754.59375,0.5482568666666666,0.05398148923668658,0.2390625
12.889673233032227,0.8950979369716289,210621.484375,0.5506741666666667,0.059840617360516074,0.2234375
12.94588565826416,0.8981424069544041,209196.0,0.5537152,0.0681739506938494,0.2109375
12.998998165130615,0.8988185604109314,208881.375,0.5543864,0.08275728402718274,0.196875
13.058316707611084,0.9022973993950242,207273.78125,0.5578159333333333,0.09525728402718274,0.1859375
13.112579345703125,0.903394354122105,206770.71875,0.5588891333333333,0.09986073606328542,0.184375
13.170122623443604,0.9020435944503119,207390.4375,0.5575670666666667,0.10611073606328543,0.184375
13.232285261154175,0.9044498621457413,206288.390625,0.5599181,0.10611073606328543,0.1859375
13.28601884841919,0.9034744415085431,206734.0625,0.5589673333333334,0.09986073606328542,0.1828125
13.340789556503296,0.9022610798503039,207290.46875,0.5577803333333333,0.09361073606328543,0.184375
13.399609565734863,0.9012306934994941,207764.734375,0.5567685666666666,0.09241919983494105,0.1859375
13.458298921585083,0.8994983322628223,208565.78125,0.5550596666666666,0.09241919983494105,0.1859375
13.51384973526001,0.9000185068208217,208324.765625,0.5555738333333333,0.09241919983494105,0.1890625
13.576292037963867,0.89707156885976,209695.734375,0.5526491,0.09033586650160773,0.196875
13.635681629180908,0.8943228263032975,210986.734375,0.5498949666666667,0.09461843067478867,0.2078125
13.689835548400879,0.8900981600187453,212994.296875,0.5456121666666667,0.09461843067478867,0.2171875
13.7509765625,0.8823974692772292,216728.125,0.5376466666666667,0.09878509734145534,0.221875
13.809537887573242,0.8857326694439505,215099.03125,0.5411220666666666,0.09461843067478867,0.221875
13.872359037399292,0.8866863499555888,214636.578125,0.5421086333333334,0.08473225805922277,0.225
13.932847738265991,0.8842084943531189,215841.234375,0.5395387,0.0743155913925561,0.228125
13.992324829101562,0.8831398541103582,216363.90625,0.5384236666666666,0.07014892472588943,0.2359375
14.048500537872314,0.8771370839088859,219335.453125,0.5320843666666667,0.07014892472588943,0.240625
14.104444980621338,0.8792999609244382,218257.75,0.5343834666666667,0.07014892472588943,0.240625
14.160051584243774,0.8772482040900931,219279.890625,0.5322029,0.0682572896209394,0.2359375
14.212780237197876,0.8793904323007584,218212.84375,0.5344792666666667,0.0682572896209394,0.2234375
14.269974946975708,0.8766673212934305,219570.578125,0.5315827666666667,0.05992395628760605,0.2078125
14.329449653625488,0.8789338906295543,218439.59375,0.5339955333333334,0.05992395628760605,0.1984375
14.383553981781006,0.8733950771220882,221218.9375,0.5280662666666667,0.05087515777491095,0.1859375
14.496665954589844,0.8744424960714318,220689.296875,0.5291961666666667,0.06129182444157762,0.15625
14.558845281600952,0.8772045759467402,219301.703125,0.5321563666666667,0.07587515777491095,0.1421875
14.62176251411438,0.8734693911316493,221181.296875,0.5281465666666667,0.07964075959888513,0.13125
14.682905197143555,0.8703561975848592,222766.421875,0.5247649666666667,0.09005742626555178,0.1140625
14.741571187973022,0.868860128729754,223534.234375,0.5231269666666667,0.10047409293221846,0.090625
14.800252199172974,0.8751318260270906,220341.765625,0.5299375666666667,0.1150574262655518,0.0765625
14.859262228012085,0.8765301687069212,219639.296875,0.5314361666666667,0.12130742626555178,0.065625
14.913602590560913,0.8777795142286577,219014.515625,0.5327690333333334,0.11748765093079311,0.059375
14.976304769515991,0.8750146843431673,220400.765625,0.5298117,0.11332098426412644,0.05
15.036006450653076,0.8749856853917878,220415.375,0.5297805333333333,0.10707098426412644,0.0375
15.095947980880737,0.8742712068567275,220775.78125,0.5290116666666667,0.0987376509307931,0
15.149595737457275,0.8766313585109536,219588.59375,0.5315443333333333,0.10346550301718802,0
15.210138320922852,0.8751451377382184,220335.0625,0.5299518666666667,0.10346550301718802,0
15.269964218139648,0.8714496605761628,222207.734375,0.5259568333333333,0.10554883635052136,0
15.328860521316528,0.8698359908879769,223032.953125,0.5241963666666667,0.10763216968385468,0
15.379538774490356,0.8675184891157953,224226.171875,0.5216508333333333,0.11812905319536021,0
15.436052560806274,0.866641088114589,224680.421875,0.5206817666666667,0.12229571986202689,-0.03125
15.492156505584717,0.8648566250992007,225608.546875,0.5187017666666667,0.12229571986202689,-0.0359375
15.547494411468506,0.8649872911224225,225540.390625,0.5188471666666666,0.12646238652869354,-0.04375
15.606358289718628,0.8631508628887358,226501.125,0.5167976,0.13271238652869355,-0.046875
15.667657613754272,0.8632943098242598,226425.859375,0.5169581666666667,0.1374075447038851,-0.0484375
15.727262735366821,0.8625095475730808,226838.078125,0.5160787666666666,0.13949087803721846,-0.0484375
15.77935791015625,0.8625622798065685,226810.34375,0.5161379333333334,0.1374075447038851,-0.053125
15.840995788574219,0.8610537473030272,227605.765625,0.5144410333333334,0.13115754470388513,-0.059375
15.901031732559204,0.8572373042378886,229636.890625,0.5101079666666667,0.12580712665768554,-0.059375
15.95721435546875,0.8560343697597269,230282.734375,0.5087301666666667,0.12372379332435221,-0.0578125
16.003758668899536,0.8572450328441356,229632.75,0.5101168,0.12164045999101887,-0.05625
16.068040132522583,0.8588941574221911,228751.78125,0.5119962,0.11955712665768554,-0.053125
16.12581968307495,0.8592439687204209,228565.5625,0.5123934666666666,0.11477111791641184,-0.05
16.180490255355835,0.8595597467570891,228397.65625,0.5127516666666667,0.11060445124974518,-0.0484375
16.235073566436768,0.8611050305257337,227578.65625,0.5144988666666667,0.10643778458307851,-0.046875
16.292709350585938,0.8624302446228634,226879.796875,0.5159897666666666,0.10227111791641184,-0.04375
16.352014541625977,0.8636081053519069,226261.34375,0.5173091333333333,0.08560445124974518,-0.034375
16.409108638763428,0.855851408558581,230381.203125,0.5085201,0.06823243788516921,0
16.462804317474365,0.8512762078952922,232864.234375,0.5032229666666667,0.06406577121850254,0
16.525671243667603,0.8525226410710297,232183.8125,0.5046745333333333,0.06614910455183587,0
16.58511710166931,0.8539882301439411,231387.5625,0.5063732,0.06823243788516921,0
16.64158272743225,0.8554076449571169,230620.296875,0.5080100333333334,0.06822467885497122,0
16.69904112815857,0.8548041258049417,230946.0625,0.5073150666666667,0.06822467885497122,0
16.755635023117065,0.854136243685016,231307.375,0.5065442666666666,0.07030801218830454,0
16.816120862960815,0.8553820297195532,230634.109375,0.5079805666666667,0.07030801218830454,0
16.872755765914917,0.8540128841117982,231374.203125,0.5064017,0.06799324059009793,0
16.92577075958252,0.8558871090046659,230361.984375,0.5085611,0.06590990725676459,0
16.99609637260437,0.851334733307192,232832.21875,0.5032912666666667,0.06174324059009792,0
17.062110424041748,0.8520616932836852,232435.09375,0.5041384666666666,0.059659907256764594,0
17.11587882041931,0.8532010613838044,231814.71875,0.5054619333333333,0.059659907256764594,0
17.176554679870605,0.8552921048454012,230682.609375,0.5078771,0.064086902241314,0
17.236023902893066,0.855450332473301,230597.28125,0.5080591333333333,0.064086902241314,0
17.29572343826294,0.8543177315943452,231209.109375,0.5067539,0.06617023557464732,0
17.357121229171753,0.8536453145612481,231573.5,0.5059765333333334,0.064086902241314,0
17.41754412651062,0.8545294356297777,231094.5625,0.5069982666666667,0.06466052434133619,0
17.477071285247803,0.8541655844228877,231291.484375,0.5065781666666667,0.06049385767466953,0
17.53114938735962,0.8546772394414438,231014.640625,0.5071687666666667,0.05841052434133619,0
17.590747356414795,0.8548884010156982,230900.53125,0.5074122,0.056327191008002854,0
17.65160846710205,0.8552135017571523,230725.015625,0.5077866333333333,0.05661422077464607,0
17.71033024787903,0.8545840115280354,231065.046875,0.5070612333333333,0.054530887441312736,0
17.765633821487427,0.8573955344267922,229552.140625,0.5102887666666667,0.04828088744131274,0
17.823843479156494,0.8599115497792609,228210.8125,0.5131502666666666,0.046197554107979405,0
17.88480234146118,0.8594601800397983,228450.578125,0.5126387666666666,0.04411093452499622,0
17.93988609313965,0.8600620761056598,228130.9375,0.5133206666666666,0.04619426785832955,0
17.998706340789795,0.859565627184711,228394.53125,0.5127583333333333,0.04619426785832955,0
18.060532331466675,0.8575871089893541,229449.59375,0.5105075333333333,0.04827760119166288,0
18.118202924728394,0.8565770330712914,229991.046875,0.5093524333333334,0.050360934524996216,0
18.179938316345215,0.8525704066174055,232157.796875,0.5047300333333333,0.055269934733034175,0
18.291159629821777,0.8553749019066087,230637.953125,0.5079723666666667,0.04693660139970084,0
18.350348234176636,0.8548216786753192,230936.578125,0.5073353,0.04276993473303418,0
18.409299612045288,0.8538688255854763,231452.28125,0.5062351333333334,0.03303716280731393,0
18.463446378707886,0.852191486698312,232364.296875,0.5042895,0,0
18.52391219139099,0.8497915268599483,233678.625,0.5014856,0,0
18.586238384246826,0.8447080795414323,236499.640625,0.4954674333333333,0,0
18.64270806312561,0.8407635823946221,238723.953125,0.4907222333333333,0,0.03125
18.7025785446167,0.8389606787354571,239751.078125,0.4885310333333333,0,0.03125
18.759162664413452,0.8378016458230565,240414.890625,0.4871149,0,0.03125
18.81531071662903,0.8373512429007564,240673.59375,0.486563,0,0.03125
18.874194622039795,0.8355826338415879,241693.5,0.4843872,0,0.03125
18.929179906845093,0.8342584935423129,242461.34375,0.48274913333333336,0,0.03125
18.991611003875732,0.8334966776006434,242904.765625,0.48180316666666667,0,0.0328125
19.05164384841919,0.8323544260465423,243571.90625,0.48037993333333334,0,0.0328125
19.108800649642944,0.8299049434365149,245011.84375,0.47730806666666664,0,0.03125
19.16331124305725,0.8276207164148257,246366.171875,0.47441883333333335,0,0
19.225143432617188,0.828707069422702,245720.671875,0.4757959,0,0
19.27668595314026,0.8268067869995774,246851.46875,0.47338353333333333,0,0
19.337223768234253,0.8237513520217487,248686.09375,0.4694696666666667,0,0
19.39395046234131,0.8218987094625,249808.484375,0.46707523333333334,0,0
19.446512460708618,0.8213291610361377,250155.0625,0.46633586666666665,0,0.03125
19.507361888885498,0.822513725297523,249435.046875,0.4678719,0,0.0328125
19.570209503173828,0.823790172119812,248662.65625,0.46951966666666667,0,0.03125
19.628902435302734,0.8237307278421868,248698.546875,0.4694431,0,0.03125
19.680036306381226,0.8227054341131382,249318.8125,0.46811986666666666,0,0.0328125
19.740981101989746,0.8204613156909669,250684.546875,0.4652063,0,0.0375
19.800411224365234,0.8186272285909613,251809.09375,0.46280726666666666,0,0.0390625
19.85575270652771,0.8171000455324171,252751.25,0.46079733333333334,0,0.0390625
19.90898323059082,0.814170421655329,254573.46875,0.45690993333333335,0,0.040625
19.963540077209473,0.8093696344325315,257602.4375,0.45044813333333333,0,0.0421875
20.023298978805542,0.8089974249903883,257839.53125,0.44994233333333333,0,0.040625
20.08056950569153,0.8068998401595096,259181.8125,0.4470788,0,0.040625
20.135616540908813,0.8060965074672655,259698.65625,0.4459762,0,0.0421875
20.191301345825195,0.8044722103318077,260748.421875,0.4437367,0,0.0421875
20.243849277496338,0.8029371992845243,261746.34375,0.4416078,0,0.04375
20.30535578727722,0.7988778617090408,264413.125,0.4359186666666667,0,0.0453125
20.363060235977173,0.7988569492994533,264426.96875,0.43588913333333335,-0.03337230760747109,0.046875
20.418373823165894,0.7951795424546255,266878.375,0.43065946666666666,-0.04053814783267018,0.0484375
20.47436809539795,0.792589192278294,268625.65625,0.42693193333333335,-0.044704814499336845,0.046875
20.52746343612671,0.7928497053078258,268449.15625,0.42730846666666666,-0.04887148116600351,0.04375
20.588791847229004,0.7931728896601721,268230.4375,0.42777506666666665,-0.0551214811660035,0.0390625
20.64582371711731,0.7931016064569559,268278.65625,0.4276722,-0.06094249769867785,0.0375
20.699942350387573,0.7927121290663461,268542.34375,0.42710966666666667,-0.06719249769867786,0.0359375
20.756730318069458,0.7883213426084047,271542.125,0.42071013333333335,-0.07344249769867785,0.0375
20.815093517303467,0.7847165398589568,274042.65625,0.41537566666666664,-0.07969249769867785,0.0375
20.876529932022095,0.7835325348828129,274871.5,0.41360746666666665,-0.09010916436534452,0.0375
20.937683820724487,0.7831576016869877,275134.75,0.41304586666666665,-0.10287727397148486,0.034375
20.996098518371582,0.7827012344594757,275455.6875,0.4123612,-0.10912727397148485,0
21.05291438102722,0.7818619086023496,276047.40625,0.4110988666666667,-0.11121060730481819,0
21.110721826553345,0.7836998796156472,274754.125,0.4138578666666667,-0.11954394063815152,0
21.167624473571777,0.783996694426026,274546.125,0.4143016,-0.12340122524237808,0
21.226359367370605,0.7828746666334028,275333.65625,0.41262153333333335,-0.12548455857571142,0
21.28497886657715,0.7800550030974159,277327.75,0.4083674666666667,-0.13173455857571142,0
21.334641456604004,0.7770690920126065,279463.125,0.403812,-0.14006789190904476,0
21.39346718788147,0.7771600415761283,279397.71875,0.40395153333333333,-0.14338830500460814,0
21.44887399673462,0.775901193685591,280305.0625,0.40201586666666667,-0.14755497167127482,0
21.507232904434204,0.773687904752002,281911.09375,0.3985896666666667,-0.14755497167127482,0
21.564172983169556,0.7727147389795804,282621.625,0.39707386666666666,-0.14547163833794147,0
21.620058298110962,0.7731439221984672,282307.9375,0.39774306666666664,-0.14547163833794147,0
21.675864219665527,0.7727800665325163,282573.84375,0.3971758,-0.14288246962369297,0
21.730640172958374,0.7731672018136755,282290.9375,0.3977793333333333,-0.14704913629035965,0
21.792317628860474,0.7716360938543306,283412.3125,0.3953870666666667,-0.15538246962369298,0
21.845736503601074,0.770152152647376,284505.53125,0.39305486666666667,-0.1574658029570263,0
21.907989978790283,0.7691397100301484,285255.03125,0.39145593333333334,-0.16167449487721985,0
21.965744018554688,0.7682196843887584,285938.6875,0.3899974666666667,-0.1658411615438865,0
22.027140140533447,0.7665074753364097,287217.5625,0.3872692,-0.16792449487721983,0
22.081244707107544,0.7650269171327719,288330.34375,0.3848952666666667,-0.17000782821055319,0
22.14245295524597,0.7637514719718294,289294.15625,0.38283913333333336,-0.1720911615438865,0
22.20499014854431,0.7607265895637136,291599.375,0.37792133333333333,-0.17632195807343945,0
22.26564383506775,0.7576258034882866,293991.15625,0.3728188666666667,-0.18048862474010613,0
22.321211338043213,0.7572171104856923,294308.59375,0.37214166666666665,-0.18673862474010613,0.034375
22.38130283355713,0.7556782943125,295508.4375,0.369582,-0.19298862474010614,0.0375
22.440808057785034,0.7551012254316104,295960.28125,0.3686180666666667,-0.19847027576586698,0.0390625
22.497069597244263,0.7540995013346461,296747.09375,0.36693953333333335,-0.20263694243253366,0.040625
22.561175107955933,0.7524300406298682,298065.375,0.3641272,-0.210970275765867,0.0421875
22.621424674987793,0.752618414259196,297916.1875,0.36444546666666666,-0.21930360909920033,0.0453125
22.683943033218384,0.7526400069507169,297899.09375,0.36448193333333334,-0.22542381486872679,0.0453125
22.74278950691223,0.7519432293999017,298451.4375,0.3633036,-0.22542381486872679,0.0421875
22.801125526428223,0.7489811424084999,300816.75,0.3582576,-0.2129238148687268,0.040625
22.859336376190186,0.7465844124657917,302751.25,0.35413066666666665,-0.19625714820206014,0.0421875
22.915898323059082,0.7485556673076533,301158.8125,0.3575278666666667,-0.17762085608435094,0.0421875
22.975242614746094,0.7498893604245477,300088.53125,0.3598111333333333,-0.16720418941768428,0.040625
23.035133600234985,0.7506745417355573,299461.09375,0.36114966666666665,-0.15887085608435095,0.0390625
23.093692779541016,0.7504473921888789,299642.40625,0.3607628666666667,-0.14637085608435094,0.0359375
23.145934104919434,0.7513809924372994,298898.25,0.3623504,-0.13492699740471198,0.034375
23.206762075424194,0.7514392887786395,298851.875,0.36244933333333335,-0.1307603307380453,0.0328125
23.26199221611023,0.7449531599301306,304078.59375,0.351299,-0.11617699740471198,0.0328125
23.31232476234436,0.7430457456253206,305641.75,0.3479642666666667,-0.09534366407137865,0.0359375
23.373014450073242,0.7384369953792707,309468.8125,0.3397998666666667,-0.06201033073804531,0.0421875
23.429892539978027,0.7367933758580845,310851.0625,0.33685106666666664,0,0.0484375
23.48764443397522,0.7378445288083644,309966.0,0.3387392,0,0.0515625
23.545764923095703,0.7385169068728373,309401.84375,0.33994273333333336,0,0.0609375
23.60021424293518,0.734003486917673,313218.59375,0.3318003333333333,0,0.0671875
23.652897834777832,0.7334045974648408,313730.34375,0.3307086,0,0.065625
23.71350908279419,0.7216886369715931,323999.28125,0.3088015333333333,0,0.0609375
23.7740421295166,0.7145244690770657,330529.0,0.2948714666666667,0,0.0609375
23.829941987991333,0.7153775252100957,329741.1875,0.29655213333333336,0,0.06875
23.892777919769287,0.7108123682609148,333990.28125,0.2874874,0,0.0828125
23.950502395629883,0.7048002462752502,339712.625,0.27527973333333333,0,0.09375
24.00957679748535,0.6980234546780894,346340.875,0.26113946666666665,0,0.1140625
24.06438112258911,0.6874812675842116,357044.25,0.2383056,0,0.134375
24.125606775283813,0.6842603054837738,360413.53125,0.2311178,0,0.1421875
24.179511547088623,0.6869673803825673,357578.625,0.2371656,0,0.1390625
24.23896288871765,0.6867249917220709,357831.09375,0.236627,0,0.1375
24.29857635498047,0.6836927253772375,361012.1875,0.22984066666666667,0,0.1421875
24.358740091323853,0.6816567651722901,363171.9375,0.2252332,0,0.14375
24.420382022857666,0.6790060365755907,366013.0,0.21917226666666667,0,0.140625
24.479246854782104,0.6789448541512312,366078.96875,0.21903153333333333,0,0.134375
24.533679246902466,0.6801282748177775,364806.125,0.22174693333333334,0,0.13125
24.593496799468994,0.6766034255057058,368617.03125,0.213617,0,0.1265625
24.656754970550537,0.67825719117318,366821.65625,0.21744713333333332,0,0.121875
24.710680961608887,0.6795984853689249,365375.125,0.22053306666666667,0,0.115625
24.770344018936157,0.6782226693111196,366859.0,0.21736746666666668,0,0.1140625
24.829047679901123,0.6773077280772561,367850.8125,0.2152516,0,0.1140625
24.882858514785767,0.6759865893582578,369290.0625,0.2121812,0,0.1171875
24.938785314559937,0.6721506354050361,373517.15625,0.2031634,0,0.1234375
24.995910167694092,0.6699261641061615,376001.78125,0.19786286666666666,0,0.128125
25.049439191818237,0.6670969319553711,379197.875,0.19104453333333332,0,0.1328125
25.109619140625,0.6667027738522453,379646.375,0.19008773333333334,0,0.14375
25.17211937904358,0.6662949065300432,380111.3125,0.18909586666666667,0,0.153125
25.234121561050415,0.6647142347361321,381921.25,0.18523466666666666,0,0.1609375
25.293210744857788,0.6602392099257927,387116.03125,0.17415246666666667,0,0.1671875
25.354775190353394,0.6573131351249223,390570.25,0.16678346666666666,0,0.1671875
25.412848711013794,0.6594342338127802,388061.71875,0.172135,0,0.1515625
25.478644609451294,0.6602828652432897,387064.84375,0.17426166666666668,0,0.140625
25.556615114212036,0.6619039561926972,385171.21875,0.1783014,0,0.1328125
25.598526000976562,0.6628337225448321,384091.40625,0.180605,0,0.125
25.660310745239258,0.6596586030933741,387797.78125,0.17269806666666668,0,0.115625
25.714444637298584,0.6594939033580407,387991.5,0.1722848,0,0.109375
25.7755229473114,0.6613883747585606,385771.96875,0.1770198,0,0.1
25.83634924888611,0.6579732690722452,389786.9375,0.16845453333333332,0,0.0859375
25.893371105194092,0.659871867743014,387547.15625,0.17323273333333333,0,0.071875
25.94966745376587,0.6584573715590686,389214.0,0.1696768,0,0.0640625
26.007556200027466,0.6594356676039081,388060.03125,0.1721386,0,0.05625
26.056499481201172,0.6581915823367868,389528.40625,0.16900606666666668,0,0.0515625
26.118653297424316,0.6574958384575642,390353.21875,0.16724646666666668,0,0.05
26.175631999969482,0.6561846272316817,391914.8125,0.16391506666666666,0,0.0484375
26.232131719589233,0.6547714882097173,393608.3125,0.16030226666666667,0,0.046875
26.289424896240234,0.6544894456270415,393947.625,0.1595784,0,0.0453125
26.346415519714355,0.6551979450665955,393096.09375,0.161395,0,0.040625
26.39912223815918,0.654223685898296,394267.75,0.15889546666666668,0,0.034375
26.458799362182617,0.6541688568372982,394333.84375,0.15875446666666668,0,0
26.509943962097168,0.6546744283730997,393725.03125,0.16005326666666667,0,0
26.57085418701172,0.6545801904132694,393838.40625,0.1598114,0,0
26.627143621444702,0.6544393509440949,394007.9375,0.15944973333333334,0,0
26.67993712425232,0.6536631358829248,394944.25,0.15745226666666667,0,0
26.74346923828125,0.6528385825340743,395942.53125,0.1553226,0,0
26.800523281097412,0.6526891578715686,396123.84375,0.1549358,0,0
26.860300540924072,0.6526154877247782,396213.28125,0.154745,0.03048556396998011,0
26.91400170326233,0.6527680553170598,396028.09375,0.15514006666666666,0.032464316944476754,0
26.97639751434326,0.6525759344217152,396261.3125,0.15464253333333333,0.030380983611143417,0
27.037837982177734,0.651198487000517,397939.46875,0.15106246666666667,0,0
27.09554386138916,0.6499348140548599,399488.40625,0.14775806666666666,0,0
27.151135444641113,0.6498336637200017,399612.78125,0.14749273333333332,0,0
27.207512855529785,0.6477379702366257,402202.78125,0.1419674,0,0
27.26436471939087,0.6466255375372458,403587.84375,0.1390126,0,0
27.325530529022217,0.6466051606108062,403613.28125,0.13895833333333332,0,0
27.37663459777832,0.6460177375467326,404347.625,0.13739173333333332,0,0
27.435263872146606,0.6448919022161091,405760.65625,0.13437726666666666,0,0
27.495012998580933,0.6444151078124045,406361.3125,0.13309586666666667,0,0
27.546650171279907,0.6441307409229927,406720.1875,0.13233026666666667,0,0
27.60956883430481,0.6439756172006635,406916.15625,0.1319122,0,0
27.671863317489624,0.6434639183119266,407563.59375,0.130531,0,0
27.73373532295227,0.6426314090399187,408620.25,0.1282768,0,0
27.790364503860474,0.6418500564223358,409615.71875,0.12615313333333333,0,0
27.85141611099243,0.6412905284823173,410330.8125,0.1246276,0,0
27.90927004814148,0.6406301904712222,411177.15625,0.12282206666666666,0,0
27.965691804885864,0.6401196913815881,411833.25,0.1214224,0,0
28.022377490997314,0.6406829268767167,411109.46875,0.12296646666666666,0,0
28.07902193069458,0.6402095450003953,411717.65625,0.121669,0,0
28.13153624534607,0.6406214266796976,411188.40625,0.12279806666666666,0,0
28.190918922424316,0.640479114112078,411371.15625,0.1224082,0,0
28.250991106033325,0.6399055944392364,412108.875,0.1208344,0,0
28.307014226913452,0.6396464170381995,412442.90625,0.1201218,0,0
28.362356901168823,0.639425871057739,412727.46875,0.11951473333333333,0,0
28.415788888931274,0.6394992318847738,412632.78125,0.11971673333333334,0,0
28.476784706115723,0.638926357799946,413373.0625,0.11813746666666666,0,0
28.535289525985718,0.6392456752854135,412960.1875,0.11901826666666666,0,0
28.591033935546875,0.6385099011176744,413912.46875,0.11698673333333333,0,0
28.63768219947815,0.6371170744823387,415724.1875,0.11312173333333334,0,0
28.70260977745056,0.637623706183809,415063.8125,0.11453053333333334,0,0
28.764575004577637,0.6366528134466981,416330.71875,0.1118278,0,0
28.82168960571289,0.6364809675505472,416555.5625,0.11134813333333334,-0.03375826336983149,0
28.878572940826416,0.6361331878913794,417011.15625,0.1103762,-0.04000826336983149,0
28.934869527816772,0.6358847790873525,417337.03125,0.109681,-0.042819636652033775,0
28.995028495788574,0.6349985249809843,418502.78125,0.10719406666666667,-0.04490296998536711,0
29.049638271331787,0.6342444159465218,419498.5625,0.10506973333333333,-0.042819636652033775,0
29.108150243759155,0.6322800401323371,422109.21875,0.09950033333333333,-0.03865296998536711,0
29.170199155807495,0.6307956860352019,424098.125,0.09525733333333333,0,0
29.230867862701416,0.629499950421839,425845.8125,0.09152893333333334,0,0
29.286566257476807,0.6297712662621705,425478.96875,0.09231153333333333,0,0
29.342435598373413,0.62933680754233,426066.625,0.09105786666666667,0,0
29.401082515716553,0.628288532380917,427489.5625,0.08802226666666667,0,0
29.455787420272827,0.6277622779189265,428206.59375,0.0864926,0,0
29.514684200286865,0.6268554019473944,429446.46875,0.08384753333333334,-0.03320353670981776,0
29.570831537246704,0.6256905688392324,431046.9375,0.0804332,-0.03528687004315109,0
29.63154125213623,0.6240422360753207,433327.0625,0.07556893333333334,-0.037370203376484425,0
29.68878483772278,0.6223611002236603,435671.25,0.070568,-0.03720418171573731,0.0328125
29.74586582183838,0.6200254851327469,438959.75,0.06355253333333333,0,0.0390625
29.799168348312378,0.62155544709512,436801.40625,0.068157,0,0.0453125
29.8596088886261,0.6203042642747257,438565.28125,0.06439406666666667,0,0.0515625
29.928579092025757,0.6189266941596301,440519.71875,0.0602246,0,0.0546875
29.991575002670288,0.6175521335050339,442482.9375,0.0560364,0,0.0578125
30.04838466644287,0.6176109991763298,442398.59375,0.05621633333333333,0,0.059375
30.103472471237183,0.6181589796066963,441614.59375,0.057888866666666663,0,0.0609375
30.1588933467865,0.6172796167091278,442873.71875,0.05520273333333333,0,0.0640625
30.21373224258423,0.6151747879910215,445909.5,0.0,0,0.0671875
30.274991750717163,0.6130205153267909,449049.03125,0.0,0,0.0671875
30.335489988327026,0.6129584742882747,449139.9375,0.0,0,0.065625
30.393014192581177,0.611842062538731,450780.5,0.0,0,0.0640625
30.44608426094055,0.6109753661095773,452060.3125,0.0,0,0.0625
30.51023244857788,0.6103453440092249,452994.0625,0.0,0,0.0640625
30.564661979675293,0.6083979605687654,455898.625,0.0,0,0.0640625
30.623024225234985,0.6078744901422163,456684.15625,0.0,0,0.065625
30.67824697494507,0.6063922604872026,458919.46875,0.0,0,0.0671875
30.787134170532227,0.6056101755396518,460105.53125,0.0,0,0.0765625
30.84345531463623,0.60396073621673,462622.09375,0.0,0.0319134288478599,0.08125
30.90094256401062,0.6036829346023317,463047.96875,0.0,0.038163428847859907,0.0875
30.9591543674469,0.6009270240164613,467304.875,0.0,0.04472763322892969,0.0953125
31.02063250541687,0.5983438821381651,471348.4375,0.0,0.05097763322892969,0.0984375
31.078104734420776,0.5980562067975534,471802.0,0.0,0.05306096656226302,0.1
31.133674383163452,0.5986538637965262,470860.4375,0.0,0.05306096656226302,0.0984375
31.193742752075195,0.5999358902766057,468850.1875,0.0,0.05125098665050019,0.096875
31.248738765716553,0.6002812976973998,468310.78125,0.0,0.049167653317166854,0.0953125
31.309850692749023,0.6020703871653175,465531.6875,0.0,0.042917653317166855,0.0953125
31.362218141555786,0.6026970974480585,464564.03125,0.0,0.042917653317166855,0.0921875
31.42364501953125,0.6030078882344615,464085.28125,0.0,0.040834319983833516,0.0921875
31.48350477218628,0.6017338668817392,466052.53125,0.0,0.046068102406120415,0.09375
31.5432391166687,0.6005090871921998,467955.5625,0.0,0.05231810240612041,0.0953125
31.596647262573242,0.5992746574279287,469885.40625,0.0,0.05648476907278708,0.0953125
31.659813165664673,0.5988568154968028,470541.34375,0.0,0.06273476907278709,0.0953125
31.723362922668457,0.5985637535186953,471002.21875,0.0,0.0686254590335848,0.0984375
31.7839617729187,0.5985103857965687,471086.21875,0.0,0.07070879236691813,0.1046875
31.84452486038208,0.598569889339174,470992.5625,0.0,0.07070879236691813,0.109375
31.900997400283813,0.5979223219089173,472013.3125,0.0,0.07070879236691813,0.1109375
31.961153507232666,0.5983549899606225,471330.9375,0.0,0.07127801128295685,0.1125
32.01424527168274,0.597947401155401,471973.71875,0.0,0.07127801128295685,0.1140625
32.074856758117676,0.5979073392083202,472036.96875,0.0,0.07127801128295685,0.1140625
32.1307954788208,0.599515706980991,469507.625,0.0,0.07127801128295685,0.1125
32.18524217605591,0.6019305174327004,465748.0625,0.0,0.07288211267100592,0.109375
32.24425411224365,0.6049280972012859,461143.6875,0.0,0.07496544600433924,0.1046875
32.295923471450806,0.6053384722800002,460518.65625,0.0,0.07704877933767258,0.1
32.350977659225464,0.6057368418512694,459913.125,0.0,0.08121544600433925,0.0984375
32.40965533256531,0.6064197629105658,458877.84375,0.0,0.08329877933767257,0.0953125
32.46273136138916,0.6055461423021462,460202.84375,0.0,0.08280679376896946,0.0921875
32.52404499053955,0.6074748591385868,457285.21875,0.0,0.08280679376896946,0.090625
32.582178354263306,0.6075216919777531,457214.71875,0.0,0.0848901271023028,0.090625
32.64303255081177,0.6081582046491939,456258.15625,0.0,0.0848901271023028,0.0890625
32.696301221847534,0.6082989396238813,456047.0625,0.0,0.08637756537075221,0.090625
32.76036500930786,0.6076959778514857,456952.5,0.0,0.08637756537075221,0.090625
32.81247901916504,0.6068849798659495,458174.59375,0.0,0.08846089870408555,0.0921875
32.874754667282104,0.6070642696611404,457904.0,0.0,0.08637756537075221,0.09375
32.93899750709534,0.6068843382776773,458175.5625,0.0,0.08393692079184877,0.0953125
33.00138592720032,0.6063661655513737,458958.96875,0.0,0.0797702541251821,0.0984375
33.05582594871521,0.6065382395383035,458698.59375,0.0,0.07768692079184876,0.096875
33.11271905899048,0.6065039658867188,458750.4375,0.0,0.0797702541251821,0.0984375
33.17437958717346,0.6058714951989401,459708.71875,0.0,0.0797702541251821,0.0984375
33.23291349411011,0.6056684070748196,460017.0625,0.0,0.08211417362071441,0.0984375
33.284456729888916,0.6056199241915581,460090.71875,0.0,0.08419750695404775,0.096875
33.3409583568573,0.6062134002472416,459190.3125,0.0,0.08628084028738107,0.096875
33.39632225036621,0.6058831923128275,459690.96875,0.0,0.08836417362071441,0.0984375
33.4585063457489,0.6047568980715289,461404.8125,0.0,0.09066129778787228,0.096875
33.514631509780884,0.602618907441885,464684.59375,0.0,0.09482796445453896,0.0984375
33.573498487472534,0.6018419473393878,465885.15625,0.0,0.09691129778787229,0.0984375
33.6267147064209,0.6013647019483532,466624.90625,0.0,0.10107796445453895,0.096875
33.67898464202881,0.6013749115562281,466609.0625,0.0,0.10107796445453895,0.096875
33.738731145858765,0.6012172945191386,466853.75,0.0,0.1033217172494696,0.096875
33.79825496673584,0.6024026147263525,465018.34375,0.0,0.10540505058280293,0.096875
33.85959529876709,0.6029864907500357,464118.21875,0.0,0.11373838391613626,0.096875
33.912697553634644,0.6039978856657036,462565.1875,0.0,0.1158217172494696,0.096875
33.96980381011963,0.6047626733651129,461396.0,0.0,0.11991182721989152,0.0953125
34.032164096832275,0.6053320643350575,460528.40625,0.0,0.1261618272198915,0.0953125
34.08819365501404,0.6054717913581937,460315.875,0.0,0.13032849388655818,0.09375
34.14289426803589,0.6052890008308903,460593.9375,0.0,0.13657849388655818,0.09375
34.1999785900116,0.6050848566732177,460904.78125,0.0,0.14491829467854916,0.09375
34.25818181037903,0.6038147956786153,462845.75,0.0,0.1532516280118825,0.09375
34.31777834892273,0.603083081710855,463969.5625,0.0,0.15741829467854915,0.0953125
34.37861347198486,0.6021936316732989,465341.15625,0.0,0.1595016280118825,0.0953125
34.43325161933899,0.6030113802602644,464079.90625,0.0,0.16158496134521583,0.0953125
34.4961895942688,0.6027078615970404,464547.4375,0.0,0.16172115328340192,0.0953125
34.55265927314758,0.6023540821348382,465093.28125,0.0,0.1596378199500686,0.09375
34.60852265357971,0.6039138858687002,462693.875,0.0,0.1596378199500686,0.0921875
34.66363024711609,0.604181877463237,462283.5,0.0,0.15755448661673524,0.09375
34.7240469455719,0.6044496126959047,461874.0625,0.0,0.1557165788329917,0.09375
34.777324199676514,0.6055942373021834,460129.75,0.0,0.1557165788329917,0.09375
34.83693170547485,0.6075035055996013,457242.09375,0.0,0.15154991216632502,0.09375
34.88938593864441,0.6086018666214884,455593.1875,0.0,0.1494665788329917,0.0921875
34.93495774269104,0.6093720213345537,454442.3125,0.0,0.1432165788329917,0.0890625
34.99720740318298,0.6094790509684533,454282.71875,0.0,0.134874041061366,0.0890625
35.05209398269653,0.6102447170189746,453143.46875,0.0,0.12654070772803266,0.0890625
35.10838341712952,0.6099074190482897,453644.8125,0.0,0.122374041061366,0.0875
35.16500210762024,0.6097084103330213,453941.0,0.0,0.11820737439469933,0.0875
35.224849700927734,0.6085562651651706,455661.46875,0.0,0.11197625743092968,0.0890625
35.28548979759216,0.6063861906365833,458928.65625,0.0,0.10364292409759635,0.0921875
35.34227657318115,0.6045897729725894,461659.9375,0.0,0.09947625743092968,0.0921875
35.39977979660034,0.6044100900680939,461934.46875,0.0,0.09530959076426301,0.0953125
35.45753526687622,0.6041816119889925,462283.90625,0.0,0.09324456124220497,0.1
35.518094539642334,0.605405788536014,460416.25,0.0,0.09116122790887163,0.1015625
35.573914766311646,0.606102947962513,459357.6875,0.0,0.0890778945755383,0.103125
35.6245481967926,0.6051816798449959,460757.3125,0.0,0.0890778945755383,0.109375
35.68683123588562,0.6044992672115719,461798.1875,0.0,0.09116122790887163,0.1125
35.741538763046265,0.6035943625390007,463183.875,0.0,0.09306979157250088,0.1140625
35.80084753036499,0.6035228653271293,463293.625,0.0,0.09723645823916754,0.1171875
35.85777807235718,0.603752675108248,462941.0,0.0,0.09723645823916754,0.1171875
35.90707755088806,0.6044910860540356,461810.6875,0.0,0.09515312490583422,0.115625
35.968865394592285,0.6057893873518174,459833.34375,0.0,0.09303066675018534,0.1125
36.02797985076904,0.6059184113059556,459637.53125,0.0,0.09303066675018534,0.1109375
36.087794065475464,0.6055021903281164,460269.65625,0.0,0.09303066675018534,0.1078125
36.14391040802002,0.6057077038252228,459957.375,0.0,0.090947333416852,0.1046875
36.20166277885437,0.6038302268901252,462822.09375,0.0,0.0949819507426165,0.10625
36.259920835494995,0.6046342224180269,461592.0625,0.0,0.09706528407594983,0.1078125
36.31243348121643,0.6038575656659732,462780.1875,0.0,0.09914861740928317,0.109375
36.37063932418823,0.6047538261742668,461409.5,0.0,0.1012319507426165,0.109375
36.426169633865356,0.6053798618261407,460455.6875,0.0,0.09914861740928317,0.1078125
36.480159521102905,0.6056402456798445,460059.84375,0.0,0.09709497332163096,0.1078125
36.54256582260132,0.6066208383232385,458573.6875,0.0,0.09501163998829763,0.1078125
36.60174775123596,0.6056453058016977,460052.15625,0.0,0.0929283066549643,0.10625
36.65409445762634,0.6059062796260417,459655.9375,0.0,0.0929283066549643,0.10625
36.7094202041626,0.604997203985274,461038.34375,0.0,0.0948292499138202,0.1046875
36.76525664329529,0.6050178319575473,461006.90625,0.0,0.09691258324715353,0.1
36.82443642616272,0.6059241581455275,459628.8125,0.0,0.1010792499138202,0.0953125
36.879910707473755,0.6096765551183158,453988.4375,0.0,0.10524591658048686,0.0875
36.940491676330566,0.6083748791553842,455933.21875,0.0,0.10941258324715353,0.0828125
36.989988803863525,0.6126519793918649,449589.4375,0.0,0.10731554746719126,0.078125
37.055171728134155,0.6134433177968784,448430.25,0.0,0.10731554746719126,0.071875
37.114978313446045,0.6126458473694324,449598.4375,0.0,0.10523221413385792,0.0703125
37.1695818901062,0.6113811460507342,451460.4375,0.0,0.10314888080052459,0.0671875
37.225473403930664,0.6116477862421484,451066.90625,0.0,0.10183745226521307,0.06875
37.28679895401001,0.6115631807779714,451191.71875,0.0,0.09975411893187974,0.06875
37.34376287460327,0.6103801046141312,452942.46875,0.0,0.09975411893187974,0.0703125
37.405216455459595,0.6112755012011577,451616.5,0.0,0.0976707855985464,0.071875
37.47572088241577,0.6115907150068438,451151.09375,0.0,0.09602794314126607,0.0734375
37.54317283630371,0.6131588691877049,448846.40625,0.0,0.0918612764745994,0.0734375
37.60044455528259,0.613295608020634,448646.28125,0.0,0.08352794314126606,0.071875
37.656280279159546,0.6129560646864243,449143.46875,0.0,0.08144460980793274,0.0734375
37.701319456100464,0.6127286026112295,449477.0,0.0,0.07886559832901636,0.0734375
37.76107144355774,0.613179510803602,448816.1875,0.0,0.07678226499568304,0.071875
37.81745362281799,0.6120941873636221,450409.21875,0.0,0.07678226499568304,0.071875
37.873746395111084,0.6121893589338456,450269.1875,0.0,0.07886559832901636,0.071875
37.9331374168396,0.6130753847684173,448968.65625,0.0,0.07678226499568304,0.071875
37.98832607269287,0.6129598816794927,449137.875,0.0,0.07640469034338945,0.0703125
38.04440212249756,0.6130172731147556,449053.78125,0.0,0.07223802367672279,0.0703125
38.1050980091095,0.6140154837979869,447594.90625,0.0,0.06807135701005612,0.06875
38.16214561462402,0.6134779904626964,448379.5625,0.0,0.06390469034338946,0.06875
38.22257709503174,0.6135140588384235,448326.84375,0.0,0.060057321569238604,0.06875
38.27270579338074,0.6138782630024118,447795.03125,0.0,0.060057321569238604,0.06875
38.32677364349365,0.6140247651652257,447581.375,0.0,0.05797398823590527,0.0671875
38.3846218585968,0.6151620702383953,445927.9375,0.0,0.05589065490257194,0.0625
38.440828800201416,0.6149431252977501,446245.53125,0.0,0.05797398823590527,0.0578125
38.512940883636475,0.6161020500479643,444568.28125,0.051587666666666664,0.05813597097232176,0.0484375
38.567851543426514,0.6165700884786296,443893.59375,0.053027,0.062302637638988426,0.0375
38.62984108924866,0.6169939979237506,443283.84375,0.0543278,0.0727193043056551,0
38.691219329833984,0.6179632360114805,441894.40625,0.057291933333333336,0.08105263763898843,0
38.74973917007446,0.6186330404163749,440938.03125,0.0593322,0.08877526435661372,0
38.81462264060974,0.6186248418380981,440949.71875,0.059307266666666664,0.09710859768994705,0
38.8769736289978,0.6191258161134456,440236.40625,0.060829,0.10127526435661371,0
38.937193155288696,0.6205854336118098,438167.96875,0.06524166666666667,0.10127526435661371,0
39.00825476646423,0.620791876491098,437876.59375,0.06586326666666667,0.10995534949005223,0
39.0647292137146,0.620078504381891,438884.6875,0.06371266666666667,0.10995534949005223,0
39.130478620529175,0.6206862380863594,438025.65625,0.06554526666666667,0.11203868282338555,0
39.192683935165405,0.6208235120654906,437831.96875,0.06595846666666667,0.11203868282338555,0
39.24717855453491,0.6230495330942899,434709.0,0.0726208,0.11081125368146733,0
39.30980920791626,0.6236393933602522,433887.0625,0.07437426666666666,0.11081125368146733,0
39.36416721343994,0.6213795181729824,437048.78125,0.06762926666666666,0.11081125368146733,0
39.476139068603516,0.6223988475922198,435618.40625,0.07068073333333333,0.10840240000739276,0
39.537174224853516,0.6227173729578187,435172.875,0.0716312,0.10840240000739276,0
39.591734647750854,0.6222650997280927,435805.6875,0.0702812,0.10631906667405944,0
39.64894080162048,0.6201522285940867,438780.34375,0.06393526666666667,0.10631906667405944,0
39.70361685752869,0.6191755936688644,440165.625,0.06098,0.10631906667405944,0
39.75905179977417,0.6188517821716883,440626.375,0.05999706666666667,0.10232669455755367,0
39.81185793876648,0.6187531409052633,440766.875,0.05969733333333333,0.10441002789088699,0
39.87123203277588,0.6178473946488826,442060.125,0.0569384,0.10857669455755364,0
39.93103003501892,0.617743295691372,442209.125,0.056620533333333334,0.10857669455755364,0
39.98750019073486,0.6177715421775322,442168.6875,0.0567068,0.10746140131845264,0
40.044804096221924,0.6176762094470426,442305.1875,0.0564156,0.10537806798511931,0
40.09663462638855,0.6184437889842831,441207.9375,0.0587564,0.0991280679851193,0
40.15684390068054,0.6189354535927706,440507.25,0.0602512,0.09079473465178597,0
40.21557950973511,0.61790333026884,441980.09375,0.05710913333333333,0.08580350065593131,0
40.272239208221436,0.6171126021382278,443113.46875,0.05469126666666667,0.08372016732259797,0
40.329140186309814,0.6178521991428241,442053.25,0.05695306666666667,0.08163683398926465,0
40.38275146484375,0.6196278112098395,439523.375,0.062350133333333335,0.07747016732259798,0
40.44046425819397,0.6198934376075346,439146.78125,0.06315353333333333,0.07538683398926464,0
40.49522066116333,0.6184629538235569,441180.59375,0.058814733333333334,0.06909490013698534,0
40.55653929710388,0.6186980487042549,440845.375,0.05952986666666667,0.06909490013698534,0
40.61241340637207,0.6187447620818926,440778.8125,0.05967186666666666,0.06909490013698534,0
40.671061992645264,0.6192657732594206,440037.4375,0.061253466666666666,0.07117823347031867,0
40.72684144973755,0.619498130866869,439707.40625,0.061957533333333335,0.07389132637582267,0
40.788185119628906,0.6194847248599001,439726.4375,0.061916933333333334,0.07389132637582267,0
40.84588170051575,0.6204024996145648,438426.40625,0.06469033333333334,0.07389132637582267,0
40.90252637863159,0.619976804162532,439028.6875,0.06340546666666666,0.07389132637582267,0
40.959532260894775,0.6199609400862786,439051.15625,0.06335753333333333,0.07287410793393612,0
41.01473331451416,0.6205289877406206,438247.6875,0.0650716,0.07079077460060279,0
41.073585987091064,0.6207658272961482,437913.34375,0.06578486666666666,0.06870744126726945,0
41.132447957992554,0.6205361117718999,438237.625,0.06509306666666667,0.06662410793393612,0
41.189881801605225,0.619484482723277,439726.78125,0.0619162,0.06454077460060278,0
41.24236345291138,0.618619997376874,440956.625,0.059292533333333335,0.06288413097480151,0
41.299758434295654,0.6176365877637379,442361.9375,0.056294533333333334,0.06080079764146819,0
41.35981345176697,0.6176229095809459,442381.53125,0.05625273333333333,0.06080079764146819,0
41.41861343383789,0.6181371093569081,441645.84375,0.0578222,0.06080079764146819,0
41.47370505332947,0.6183078026677653,441402.03125,0.058342333333333336,0.06232864141306157,0
41.52523946762085,0.6195769114912577,439595.59375,0.06219606666666667,0.06649530807972824,0
41.584911823272705,0.620561755890778,438201.40625,0.06517033333333333,0.06857864141306157,0
41.6409695148468,0.6216182451773345,436713.15625,0.06834526666666667,0.0706619747463949,0
41.69009184837341,0.6208907204787883,437737.1875,0.06616066666666667,0.07274530807972823,0
41.746201038360596,0.6187932630776661,440709.71875,0.05981926666666667,0.07979503201131441,0
41.80072999000549,0.6190774785446909,440305.15625,0.06068233333333333,0.08812836534464774,0
41.86012077331543,0.6199181197801447,439111.8125,0.06322813333333334,0.09437836534464775,0
41.912328481674194,0.6197355106302704,439370.625,0.062676,0.10271169867798108,0
41.97170543670654,0.6205036795019243,438283.4375,0.06499533333333334,0.10903607116317739,0
42.03112506866455,0.6213440882189704,437098.625,0.06752293333333333,0.11111940449651071,0
42.0871205329895,0.6216983937427296,436600.5625,0.06858546666666666,0.11320273782984405,0
42.14866828918457,0.6221391525342226,435982.15625,0.06990473333333333,0.11320273782984405,0
42.20388722419739,0.6221544485730128,435960.71875,0.06995046666666667,0.11320273782984405,0
42.2630136013031,0.6227688046517601,435101.0,0.07178453333333333,0.11338879745574362,0
42.33449077606201,0.6232299105934079,434457.40625,0.07315753333333333,0.11338879745574362,0
42.39465069770813,0.6227254670142646,435161.5625,0.07165533333333333,0.11547213078907695,0
42.443723917007446,0.6211303931394688,437399.4375,0.0668812,0.11755546412241029,0
42.49871635437012,0.6200946203375787,438861.875,0.06376133333333334,0.1223914209633419,0
42.5564067363739,0.6204836607549716,438311.71875,0.064935,0.1223914209633419,0
42.61252164840698,0.620672422711196,438045.15625,0.06550366666666667,0.1223914209633419,0
42.673776388168335,0.6213169922817254,437136.75,0.0674416,0.12030808763000855,0
42.72911024093628,0.6218089797917075,436445.28125,0.06891673333333333,0.11994166155873924,0
42.79092073440552,0.6219821992184014,436202.21875,0.06943526666666666,0.11785832822540591,0
42.84028077125549,0.6230718617446482,434677.84375,0.07268726666666667,0.11577499489207257,0
42.90086269378662,0.6234633723856824,434132.09375,0.07385153333333333,0.11577499489207257,0
42.959391832351685,0.6234670075821732,434127.03125,0.07386233333333334,0.11577499489207257,0
43.018484115600586,0.6248437408033483,432216.09375,0.077939,0.11315538983396958,0
43.07511925697327,0.6253693185210367,431489.90625,0.0794882,0.11315538983396958,0
43.12977910041809,0.6266255600372983,429761.5625,0.08317533333333334,0.11107205650063624,0
43.1899847984314,0.627422939027423,428669.90625,0.0855042,0.10690538983396958,0
43.24187660217285,0.6272576575885261,428895.84375,0.0850222,0.10811027870900497,0
43.29775786399841,0.6271277188090651,429073.59375,0.084643,0.10811027870900497,0
43.35037112236023,0.6265623255093399,429848.3125,0.08299026666666667,0.11019361204233831,0
43.40785789489746,0.6267709399088609,429562.21875,0.0836006,0.11227694537567164,0
43.46650195121765,0.6273740953948699,428736.65625,0.0853618,0.11227694537567164,0
43.5235595703125,0.6285208764327083,427173.5625,0.0886964,0.11398574415478158,0
43.5851833820343,0.6286382952941475,427014.0,0.0890368,0.11398574415478158,0
43.63973951339722,0.6287466199811437,426866.875,0.08935066666666666,0.11606907748811492,0
43.698291063308716,0.6268025863704758,429518.84375,0.08369313333333334,0.12023574415478158,0
43.75249481201172,0.6269531094623363,429312.625,0.08413306666666667,0.13085427584641446,0
43.80945920944214,0.6278825495659083,428042.5625,0.08684253333333333,0.13502094251308114,0
43.86857461929321,0.6259797884889454,430648.71875,0.08128273333333333,0.14335427584641447,0
43.92086434364319,0.6241274905452476,433208.6875,0.07582146666666667,0.14960427584641448,0
43.97994923591614,0.6235136424706694,434062.09375,0.07400086666666666,0.14998274796946712,0
44.03642463684082,0.6245198455138139,432664.53125,0.07698233333333333,0.1478994146361338,0
44.096307039260864,0.6266768724327924,429691.1875,0.08332546666666667,0.1437327479694671,0
44.151116609573364,0.6268984670122026,429387.46875,0.0839734,0.14164941463613379,0
44.20978403091431,0.6276969354031658,428295.75,0.0863024,0.13956608130280046,0
44.268943548202515,0.6279243136715761,427985.625,0.086964,0.1333768296482626,0
44.331140756607056,0.6273705514740486,428741.5,0.08535146666666667,0.1333768296482626,0
44.39230823516846,0.6280466970107401,427818.84375,0.0873198,0.1312934963149293,0
44.44580841064453,0.6287110654562759,426915.15625,0.08924766666666667,0.1312934963149293,0
44.5059449672699,0.6284084864187556,427326.375,0.0883704,0.1312726140455236,0
44.56288409233093,0.6286388703623444,427013.21875,0.08903846666666666,0.1312726140455236,0
44.61708402633667,0.6280262604148155,427846.6875,0.0872604,0.1312726140455236,0
44.672263383865356,0.6272151124786418,428954.03125,0.08489806666666666,0.13335594737885692,0
44.72740077972412,0.6258977685283039,430761.59375,0.08104193333333333,0.13651895199066502,0
44.78630709648132,0.6245594533211325,432609.65625,0.0770994,0.1406856186573317,0
44.841084241867065,0.6221379039278018,435983.90625,0.069901,0.14901895199066503,0
44.895626068115234,0.6195859408159644,439582.78125,0.0622234,0.15735228532399836,0
44.94602394104004,0.6182620415901363,441467.375,0.05820293333333333,0.16151895199066504,0
45.0056471824646,0.6173173617976901,442819.5625,0.055318266666666664,0.16497681670485848,0
45.063682317733765,0.6165669849456902,443898.0625,0.053017466666666666,0.16081015003819182,0
45.12309813499451,0.6170148335505486,443253.90625,0.054391666666666665,0.15247681670485846,0
45.1768901348114,0.614580720576764,446771.96875,0.0,0.15247681670485846,0.0359375
45.229727268218994,0.6143663677152279,447083.78125,0.0,0.14666694714442116,0.040625
45.29099678993225,0.6111210672332151,451844.78125,0.0,0.14666694714442116,0.046875
45.342416524887085,0.6085601466291252,455655.65625,0.0,0.1487502804777545,0.0546875
45.40083432197571,0.6073097643145564,457533.875,0.0,0.1487502804777545,0.0578125
45.454115867614746,0.6045519209077236,461717.75,0.0,0.15291694714442117,0.0609375
45.51309013366699,0.6010788830103143,467068.78125,0.0,0.14751534260783786,0.0625
45.56868076324463,0.5993166292643839,469819.59375,0.0,0.1495986759411712,0.0609375
45.62362098693848,0.5989480529627192,470398.0,0.0,0.1495986759411712,0.059375
45.67910385131836,0.5972011464727195,473154.0,0.0,0.15376534260783786,0.05625
45.7347047328949,0.5958693506043257,475271.40625,0.0,0.15399778631342023,0.053125
45.79784560203552,0.5944847478603075,477487.875,0.0,0.15399778631342023,0.05
45.85426115989685,0.5950957121823112,476507.9375,0.0,0.1519144529800869,0.0453125
45.90894961357117,0.5948626230233028,476881.4375,0.0,0.1519144529800869,0.0421875
45.96701526641846,0.5927383489220688,480305.6875,0.0,0.15608111964675359,0.040625
46.02355074882507,0.5895882032211646,485451.90625,0.0,0.16659026996602774,0.040625
46.08135771751404,0.5862730455129125,490957.53125,0.0,0.17492360329936107,0.040625
46.13421630859375,0.5860502784631221,491330.84375,0.0,0.17700693663269443,0.0390625
46.19172382354736,0.5845097467210395,493924.15625,-0.05370486666666666,0.17909026996602775,0.0359375
46.24930953979492,0.5841945703081801,494457.25,-0.054842133333333334,0.18353570504269268,0.0328125
46.31130242347717,0.5831984906460015,496147.71875,-0.058448466666666664,0.185619038376026,0
46.371497631073,0.5837331378997151,495239.28125,-0.05651046666666667,0.185619038376026,0
46.42682218551636,0.5866599757488148,490310.125,0.0,0.179369038376026,0
46.49051833152771,0.5870220486809438,489705.46875,0.0,0.1737114305317086,0
46.54779028892517,0.5877043367612781,488569.09375,0.0,0.16954476386504194,0
46.60712456703186,0.5869143991061792,489885.125,0.0,0.1674614305317086,0
46.66320848464966,0.5857826824367687,491779.84375,0.0,0.1674614305317086,0
46.7227566242218,0.5850518128008156,493009.3125,-0.0517532,0.1674614305317086,0
46.77686285972595,0.5843139924365593,494255.15625,-0.054411,0.1739690250460591,0
46.834688663482666,0.5820284960405896,498144.4375,-0.06270813333333333,0.17605235837939243,0
46.907867670059204,0.5814424838337109,499149.0625,-0.06485133333333333,0.17605235837939243,0
46.963889360427856,0.5811308413114886,499684.5625,-0.06599373333333333,0.17605235837939243,0
47.02403903007507,0.5777097200267003,505620.21875,-0.07865646666666666,0.1791149602426815,0.03125
47.075279712677,0.5776342533644654,505752.34375,-0.07893833333333333,0.1728649602426815,0.0359375
47.12507343292236,0.5749353246780102,510511.8125,-0.08909186666666667,0.17078162690934817,0.0390625
47.1762580871582,0.575076309136173,510261.53125,-0.08855793333333334,0.16869829357601485,0.0390625
47.23033332824707,0.5734796527194105,513106.78125,-0.0946278,0.16661496024268152,0.0390625
47.2866473197937,0.5715056240477104,516657.53125,-0.10220273333333334,0.1595147102061915,0.0375
47.342926263809204,0.5718113766572276,516105.15625,-0.10102433333333333,0.15743137687285816,0.0375
47.3968243598938,0.5692832104398611,520699.34375,-0.11082526666666667,0.1595147102061915,0.0359375
47.45051050186157,0.5703831115001251,518693.09375,-0.10654526666666667,0.15534804353952483,0.03125
47.50942873954773,0.570217668349468,518994.125,-0.10718746666666666,0.1487201144827174,0
47.57131385803223,0.5687179605795412,521734.90625,-0.11303446666666667,0.1487201144827174,0
47.62647843360901,0.5689684802037591,521275.5625,-0.11205453333333333,0.14663678114938408,0
47.67688965797424,0.5683298400205107,522447.75,-0.1145552,0.14455344781605073,0
47.733516693115234,0.5681861831026276,522711.96875,-0.11511886666666667,0.1424701144827174,0
47.7935004234314,0.5670948148629071,524725.8125,-0.11941506666666667,0.14417786528920204,0
47.85351061820984,0.5677040689796461,523600.15625,-0.11701366666666667,0.1400111986225354,0
47.90842962265015,0.5673798904269447,524198.65625,-0.11829046666666666,0.1400111986225354,0
47.96405386924744,0.5671394346343086,524643.25,-0.11923893333333334,0.1358445319558687,0
48.0185923576355,0.5660130190763933,526733.5,-0.12369813333333333,0.132104253344104,0
48.07611584663391,0.5660286010123918,526704.5,-0.12363626666666666,0.13002092001077067,0
48.12877321243286,0.5658896179963585,526963.25,-0.12418826666666667,0.12585425334410402,0
48.1832013130188,0.5674589542008004,524052.59375,-0.11797886666666667,0.11752092001077069,0
48.244598388671875,0.5698402116179572,519681.90625,-0.10865473333333334,0.10983099292391807,0
48.29775857925415,0.5697588640286112,519830.3125,-0.10897133333333334,0.10149765959058474,0
48.357975482940674,0.5671602112476813,524604.8125,-0.11915693333333334,0.09524765959058475,0
48.412501096725464,0.5637468962316591,530976.6875,-0.13275026666666667,0.0931643262572514,0
48.471867084503174,0.562540027465482,533257.4375,-0.13761586666666667,0.08899765959058474,0
48.528794288635254,0.5635299999092058,531385.5,-0.1336224,0.08445763172119129,0
48.591641664505005,0.5635367275249471,531372.8125,-0.13359533333333334,0.07820763172119129,0
48.648802757263184,0.5631559527448138,532091.625,-0.1351288,0.07404096505452462,0
48.705957889556885,0.5608738404742128,536430.4375,-0.14438493333333333,0.07612429838785796,0
48.765434980392456,0.5575942016094668,542759.3125,-0.15788653333333333,0.08265472053306697,0
48.82348656654358,0.5559502245635205,545974.0,-0.16474453333333333,0.0847380538664003,0
48.87713932991028,0.5545859095831286,548663.5625,-0.17048226666666666,0.0847380538664003,0
48.93231821060181,0.5550551021762444,547736.375,-0.16850426666666668,0.0847380538664003,0
48.993680238723755,0.5544447681765237,548942.9375,-0.17107826666666667,0.08402816611968522,0
49.05209922790527,0.5494771531179288,558913.375,-0.19234853333333332,0.09236149945301857,0
49.11048769950867,0.5465597738962586,564895.9375,-0.20511133333333334,0.10486149945301856,0
49.170175313949585,0.544339566324351,569513.4375,-0.214962,0.10902816611968523,0
49.22579789161682,0.5437879549270034,570669.4375,-0.21742813333333333,0.1131948327863519,0
49.282583713531494,0.542328566716672,573744.875,-0.22398906666666665,0.10841129975892104,0
49.34494161605835,0.5414320748158429,575646.4375,-0.22804573333333333,0.11049463309225437,0
49.40462279319763,0.5390063306635362,580839.375,-0.239124,0.11466129975892103,0
49.461865186691284,0.5354143942252099,588658.875,-0.2558056,0.11466129975892103,0
49.51790952682495,0.5338480017505802,592118.375,-0.26318586666666666,0.10926782031598617,0.034375
49.57247519493103,0.5320326823212171,596165.9375,-0.27182066666666665,0.10301782031598616,0.0453125
49.62878942489624,0.5306572872339462,599260.3125,-0.278422,0.09676782031598616,0.053125
49.68949556350708,0.5285705620040747,604001.25,-0.288536,0.0926011536493195,0.0578125
49.74305725097656,0.5271555426319886,607248.1875,-0.2954628,0.08442417774298704,0.0640625
49.800416231155396,0.5234495247049948,615877.25,-0.31387146666666665,0.08025751107632037,0.06875
49.857215881347656,0.5223213215068112,618540.6875,-0.3195534666666667,0.07192417774298704,0.06875
49.91565442085266,0.5220062080583854,619287.6875,-0.32114706666666665,0.06150751107632037,0.0671875
49.97647762298584,0.5244317680876235,613572.375,-0.3089544,0.04275751107632038,0.0671875
50.03248047828674,0.5236089318858198,615502.3125,-0.3130716,0,0.0625
50.09432411193848,0.5228662572210552,617252.0625,-0.3168044,0,0.0625
50.149534463882446,0.5236084267823505,615503.5,-0.31307413333333334,0,0.0625
50.20976114273071,0.525213899167087,611746.3125,-0.3050588,0,0.0625
50.26439833641052,0.5248674423306696,612554.1875,-0.3067822666666667,0,0.0640625
50.3232216835022,0.5236526687551665,615399.5,-0.31285226666666666,0,0.0640625
50.3698456287384,0.5237112055667628,615261.9375,-0.3125588,0,0.0625
50.425657987594604,0.5232588473212691,616326.1875,-0.3148292,0,0.0578125
50.471601724624634,0.5221507224200453,618944.9375,-0.32041586666666666,0,0.0515625
50.52647423744202,0.5214392199183566,620635.1875,-0.32402173333333334,0,0.046875
50.58649706840515,0.5210829593453965,621484.125,-0.3258328,-0.030196987181212803,0.0421875
50.641822814941406,0.5220179829105047,619259.75,-0.32108746666666665,-0.04478032051454614,0.0390625
50.70000982284546,0.5237278313661935,615222.875,-0.31247546666666665,-0.05728032051454614,0.040625
50.75622057914734,0.5256678812202698,610690.125,-0.3028056,-0.06349522268198202,0.0421875
50.8127977848053,0.5247508691629424,612826.375,-0.3073629333333333,-0.06974522268198202,0.0453125
50.86509370803833,0.5243039809472185,613871.5,-0.3095925333333333,-0.07391188934864869,0.0484375
50.92565679550171,0.5226217530182423,617829.75,-0.3180368,-0.06349522268198202,0.0484375
50.980309009552,0.5213349913006986,620883.375,-0.3245512,-0.055161889348648685,0.046875
51.03466320037842,0.5190909397048026,626263.1875,-0.3360281333333333,-0.03436928862840245,0.04375
51.09160256385803,0.518449703582445,627813.3125,-0.3393350666666667,0,0.0390625
51.14343881607056,0.5211163171114024,621404.5625,-0.32566306666666667,0,0.03125
51.198535203933716,0.5240639319602489,614434.0,-0.31079253333333334,0,0
51.255083084106445,0.5242761450369734,613936.6875,-0.3097316,0,0
51.30830645561218,0.5237243198654598,615231.125,-0.31249306666666665,0,0
51.36493730545044,0.5243965946110356,613654.6875,-0.30913,0.03383171328399513,0
51.42077159881592,0.5266112977041237,608504.0,-0.29814186666666664,0.04008171328399514,0
51.48600721359253,0.5288797760752756,603295.1875,-0.2870297333333333,0.04633171328399513,0
51.5421667098999,0.528643348318607,603834.9375,-0.2881812,0.051409474047711214,0
51.59342885017395,0.5293271340774002,602275.875,-0.2848552,0.04932614071437788,0
51.64924144744873,0.5297343868725939,601350.1875,-0.2828804,0.045159474047711215,0
51.70276594161987,0.5299092786911849,600953.3125,-0.2820337333333333,0.04307614071437788,0
51.76218891143799,0.5306792882518545,599210.625,-0.278316,0.04031192348778056,-0.03125
51.8128137588501,0.5301778196991864,600344.6875,-0.28073533333333334,0.038228590154447226,0
51.86702036857605,0.5309828493371396,598525.6875,-0.2768548,0.038228590154447226,0
51.9278666973114,0.5311542634035774,598139.4375,-0.2760308,0.03614525682111389,0
51.979304790496826,0.5307015411212495,599160.375,-0.2782088,0.03614525682111389,0
52.03837299346924,0.5300348944843246,600668.5,-0.28142613333333333,0.03987173442439857,0
52.09003233909607,0.5295414357796545,601788.5,-0.2838154666666667,0.041955067757731904,0
52.146870136260986,0.5279108957101256,605511.6875,-0.29175826666666665,0.052371734424398575,0
52.201683044433594,0.525914640511458,610117.1875,-0.3015833333333333,0.060705067757731906,0
52.258294105529785,0.5266645831856968,608380.875,-0.2978792,0.05867584979524111,0
52.367103576660156,0.524074193972734,614409.9375,-0.3107412,0.04409251646190778,0
52.422640800476074,0.5230943257275862,616713.9375,-0.3156564,0.037842516461907776,0
52.478801250457764,0.5215803995807372,620299.25,-0.32330506666666664,0.03367584979524111,0
52.53450036048889,0.521374722565028,620788.75,-0.3243493333333333,0,0
52.59065890312195,0.5224236609213151,618298.375,-0.3190365333333333,0,0
52.63683819770813,0.5191772414373066,626055.0,-0.335584,0,0.03125
52.69273900985718,0.5181885861543806,628446.1875,-0.3406852,0,0.034375
52.7507061958313,0.5182895979298593,628201.25,-0.34016266666666667,0,0.0375
52.80601716041565,0.5176773721593088,629688.0,-0.3433344,0,0.040625
52.8597993850708,0.5192907609573764,625781.3125,-0.33500013333333334,0,0.04375
52.91250801086426,0.519398464619083,625521.8125,-0.33444653333333335,-0.03239425293399427,0.046875
52.97165656089783,0.5181413095364898,628560.875,-0.3409298666666667,-0.03864425293399427,0.05
53.02305269241333,0.5175076114123733,630101.1875,-0.34421586666666665,-0.05079588485240977,0.05
53.07662653923035,0.5172490673738322,630731.25,-0.34556,-0.05704588485240977,0.0515625
53.13585424423218,0.5163825049982309,632849.9375,-0.3500798666666667,-0.06329588485240976,0.053125
53.195183515548706,0.5148581765705803,636602.8125,-0.358086,-0.07371255151907644,0.05625
53.25211763381958,0.5141951399680841,638245.625,-0.36159066666666667,-0.07996255151907644,0.059375
53.3081955909729,0.5142916926989964,638006.0,-0.3610794666666667,-0.09035623741717116,0.059375
53.358527421951294,0.5137046550439519,639465.0,-0.364192,-0.0986895707505045,0.059375
53.40967798233032,0.5113827128662956,645285.1875,-0.3766084,-0.10910623741717118,0.0640625
53.46376013755798,0.5115229423732365,644931.4375,-0.37585373333333333,-0.11952290408383784,0.065625
53.51903176307678,0.5118980651717471,643986.5625,-0.373838,-0.1267621653162918,0.0640625
53.5734646320343,0.5128417677156096,641618.6875,-0.36878653333333333,-0.13717883198295844,0.0609375
53.6289005279541,0.5134084055579894,640203.1875,-0.3657668,-0.14342883198295847,0.059375
53.684956789016724,0.5122888276704831,643004.5,-0.37174293333333336,-0.14967883198295845,0.0578125
53.739583015441895,0.5122601982651603,643076.375,-0.37189626666666664,-0.1538454986496251,0.053125
53.79575443267822,0.5127119068545617,641943.75,-0.36948,-0.1523694136876674,0.05
53.850637912750244,0.5125734656891577,642290.5625,-0.3702198666666667,-0.15445274702100076,0.05
53.902904987335205,0.5126613724368455,642070.3125,-0.36975,-0.15445274702100076,0.053125
53.957683801651,0.5132435848084622,640614.4375,-0.36664413333333334,-0.1523694136876674,0.053125
54.01292276382446,0.5136674044326388,639557.75,-0.3643898666666667,-0.1487485409587178,0.053125
54.071311473846436,0.5148299481526968,636672.625,-0.35823493333333334,-0.14458187429205116,0.05
54.12721085548401,0.5176179073614152,629832.6875,-0.34364306666666666,-0.1362485409587178,0.0453125
54.18865728378296,0.5201982430152985,623599.875,-0.3303464,-0.13416520762538447,0.040625
54.244527101516724,0.5244755779088224,613469.875,-0.3087357333333333,-0.13416520762538447,0.0375
54.30565667152405,0.5284610425912442,604251.625,-0.2890701333333333,-0.13599783058696838,0.0359375
54.36165165901184,0.5346078015919948,590436.5,-0.2595978666666667,-0.1547478305869684,0.0390625
54.421720027923584,0.5404809436767927,577674.25,-0.23237173333333333,-0.16516449725363505,0.0453125
54.47932243347168,0.5446114852712638,568944.875,-0.21374906666666665,-0.16933116392030173,0.0484375
54.53317975997925,0.5489434847035658,560000.625,-0.194668,-0.15226541707002875,0.0484375
54.59361720085144,0.5536163269487414,550587.0625,-0.17458573333333333,-0.13559875040336208,0.0484375
54.64399790763855,0.5574403259967107,543059.0,-0.15852586666666665,-0.1251820837366954,0.0515625
54.7033052444458,0.5650656492401654,528501.1875,-0.1274692,-0.10851541707002874,0.0546875
54.75928473472595,0.5705352339122146,518416.53125,-0.10595526666666667,-0.08976541707002873,0.059375
54.818490743637085,0.571381031740364,516882.875,-0.10268346666666667,-0.05886822033269708,0.0625
54.87883734703064,0.5763849744486788,507947.09375,-0.08362046666666667,-0.03595155366603041,0.0625
54.93239378929138,0.5826978053071816,497000.71875,-0.0602682,0,0.0625
54.99404954910278,0.5909028773728207,483294.1875,0.0,0,0.0609375
55.04952430725098,0.5970346687336009,473417.90625,0.0,0,0.0609375
55.10672402381897,0.6026278233753808,464670.84375,0.0,0.03223414806529644,0.0609375
55.15338611602783,0.6075572597867623,457161.1875,0.0,0.03223414806529644,0.0578125
55.20746207237244,0.6147521622909009,446522.8125,0.0,0,0.05
55.253655672073364,0.6183822764128888,441295.71875,0.058569133333333336,0,0.04375
55.304824113845825,0.6221825908801246,435921.28125,0.0700346,0.03732276006655563,0.0359375
55.36419701576233,0.6256109750259975,431156.625,0.0801992,0.0477394267332223,0.03125
55.41821026802063,0.6303822753929423,424654.5625,0.09407026666666667,0.056072760066555635,0
55.475565671920776,0.635884969546447,417336.78125,0.10968153333333333,0.06440609339988897,0
55.53386306762695,0.6424600793632135,408838.21875,0.1278118,0.07150900996414969,0
55.59097361564636,0.6475849286075153,402392.90625,0.1415618,0.07984234329748302,0.0359375
55.64314675331116,0.6518436081339407,397152.1875,0.152742,0.08609234329748303,0.040625
55.69831395149231,0.6567943209608551,391187.53125,0.1654666,0.09442567663081636,0.04375
55.758201599121094,0.6642401710279203,382466.59375,0.18407126666666668,0.10067567663081636,0.0453125
55.813124895095825,0.6691139033512017,376915.21875,0.1959142,0.10403422743487209,0.0484375
55.868444204330444,0.6738305479837886,371657.0625,0.2071316,0.1102842274348721,0.0546875
55.92421889305115,0.6761438386609578,369118.3125,0.2125476,0.11236756076820542,0.059375
55.98692584037781,0.6816143910376607,363217.09375,0.22513686666666666,0.1165342274348721,0.0625
56.04446363449097,0.6815933975083497,363239.46875,0.22508913333333333,0.12790630328359293,0.0640625
56.11112570762634,0.6848850387927921,359756.3125,0.23251986666666666,0.13832296995025958,0.065625
56.168471574783325,0.6886995055274266,355782.21875,0.24099793333333333,0.15290630328359292,0.065625
56.22815823554993,0.6934186161693889,350956.09375,0.2512936666666667,0.16123963661692625,0.0640625
56.27960991859436,0.6968107865741933,347547.40625,0.2585655333333333,0.1597487971902419,0.0625
56.33516049385071,0.7045801399511774,339924.90625,0.27482686666666667,0.1534987971902419,0.0578125
56.393126487731934,0.711962943734021,332911.65625,0.2897884666666667,0.14516546385690857,0.05
56.45132899284363,0.7176162831530994,327687.0,0.3009344,0.14099879719024191,0.0421875
56.512455463409424,0.7217067704006699,323983.0,0.3088362666666667,0.1389154638569086,0.0328125
56.57299542427063,0.7254493467612616,320648.78125,0.3159492666666667,0.13130853503376977,0
56.62731647491455,0.7281212388755948,318299.8125,0.3209604,0.12922520170043644,0
56.684345960617065,0.729737888021043,316891.0625,0.32396573333333334,0.12714186836710312,0
56.73972702026367,0.7326222497585092,314400.75,0.3292784,0.12714186836710312,0
56.787346839904785,0.7348912381127575,312462.3125,0.33341373333333335,0.12813759254376603,0
56.84945797920227,0.7350476550058549,312329.34375,0.3336974,0.13855425921043268,0
56.910033226013184,0.7342006701447085,313050.375,0.3321592,0.14897092587709937,0
56.96229267120361,0.7370530549751743,310632.0625,0.33731826666666664,0.16147092587709935,0
57.02233648300171,0.7415393342678797,306884.8125,0.3453124,0.16784722345451722,0
57.07978105545044,0.742613235755162,305997.875,0.34720453333333334,0.16993055678785055,0
57.13624358177185,0.7457912027164842,303395.59375,0.35275606666666665,0.1657638901211839,0.0328125
57.191566944122314,0.7494760183754446,300419.625,0.3591048,0.1615972234545172,0.0390625
57.246601819992065,0.7522022006030987,298245.96875,0.3637419333333333,0.1595138901211839,0.0453125
57.303186893463135,0.7522717252565089,298190.84375,0.3638595333333333,0.16063774796369457,0.0484375
57.359901905059814,0.755034500266792,296012.59375,0.36850646666666664,0.16688774796369454,0.053125
57.418606996536255,0.7548876396865274,296127.78125,0.3682607333333333,0.17730441463036123,0.05
57.47891545295715,0.7563671255638473,294970.4375,0.3707297333333333,0.18563774796369456,0.0484375
57.535855770111084,0.7610253108137782,291370.5,0.3784096,0.19304467739721926,0.04375
57.594000577926636,0.7606088944518101,291689.625,0.3777288,0.2138780107305526,0.0421875
57.653050661087036,0.759239862882265,292742.5,0.3754826666666667,0.2347113440638859,0.0421875
57.70798921585083,0.76063656093216,291668.40625,0.3777740666666667,0.25554467739721926,0.0421875
57.76667642593384,0.7647047033973484,288573.375,0.3843768,0.27012801073055254,0.0375
57.827141523361206,0.7700419512671263,284586.96875,0.39288113333333335,0.28028837088501346,0
57.88142204284668,0.7709875149278017,283889.34375,0.3943694,0.2886217042183468,0
57.934120655059814,0.7729546394436919,282446.21875,0.39744806666666666,0.29903837088501345,0
57.99063968658447,0.771232818033688,283708.78125,0.3947546,0.30945503755168013,0
58.04716753959656,0.771370813659248,283607.28125,0.39497113333333334,0.31600269625355093,0
58.10777807235718,0.7741107661913246,281603.1875,0.3992465333333333,0.3264193629202176,0
58.162694215774536,0.7785518979769804,278399.625,0.4060808,0.33058602958688427,0
58.218217611312866,0.780658643454024,276899.03125,0.40928206666666667,0.3368360295868843,0
58.273446798324585,0.7805866734123977,276950.09375,0.4091731333333333,0.34100269625355095,0.0328125
58.32496690750122,0.781062158606149,276613.0,0.40989226666666667,0.35428770959684724,0.0375
58.38572978973389,0.7814397001445988,276345.78125,0.4104623333333333,0.3647043762635139,0.0375
58.44106650352478,0.7790403073431538,278050.65625,0.4068252666666667,0.3772043762635139,0.0359375
58.495620250701904,0.7842120247197535,274395.375,0.4146232,0.38553770959684724,0.034375
58.55286407470703,0.7882833325352193,271568.3125,0.42065426666666667,0.38816556966442156,0
58.616135358810425,0.7908059599798682,269838.5,0.42434453333333333,0.39441556966442154,0
58.67033672332764,0.790973244055593,269724.375,0.424588,0.4006655696644216,0
58.73014736175537,0.790279104821264,270198.40625,0.42357673333333334,0.41941556966442156,0
58.7878634929657,0.790021527589912,270374.625,0.4232008,0.4363048656280534,0
58.844627141952515,0.7886578671203365,271310.4375,0.4212044,0.44672153229472006,0
58.89878559112549,0.788162988454727,271651.25,0.4204773333333333,0.4571381989613867,0
58.94932460784912,0.7899097866584339,270451.125,0.4230376,0.46547153229472005,0
59.00818705558777,0.7911890102976696,269577.28125,0.4249018,0.4696381989613867,0
59.062695026397705,0.7933287355593664,268125.0625,0.4279998666666667,0.4731328304346389,0
59.11969041824341,0.796764270882608,265817.8125,0.432922,0.4752161637679722,0
59.17924475669861,0.7981357927300229,264905.03125,0.43486926666666664,0.4752161637679722,0
59.233882665634155,0.7994795956370061,264015.25,0.43676746666666666,0.4752161637679722,0
59.295700550079346,0.799672379141651,263887.96875,0.437039,0.47592402838689685,0
59.35383200645447,0.79811592707713,264918.21875,0.43484113333333335,0.4800906950535635,0
59.409130573272705,0.7989181333450477,264386.46875,0.43597553333333333,0.48425736172023015,0
59.462265729904175,0.7931652199029229,268235.625,0.427764,0.4905073617202302,0
59.517160415649414,0.7948361847168335,267109.0,0.43016746666666666,0.49467402838689684,0
59.617244243621826,0.805097724911555,260343.40625,0.44460073333333333,0.5051285107886723,0
59.67916822433472,0.8080773269312336,258427.03125,0.448689,0.5072118441220056,0
59.889187812805176,0.8121510909976662,255840.984375,0.4542059,0.5148641803964075,0.0359375
59.94811463356018,0.815059920389261,254018.125,0.45809466666666665,0.5127808470630741,0.0453125
60.002737045288086,0.8183593317956853,251973.984375,0.4624555,0.5127808470630741,0.0515625
60.05901074409485,0.8173884244994194,252572.9375,0.46117773333333334,0.4808622138624614,0.0578125
60.12091517448425,0.8174311564244976,252546.53125,0.46123406666666666,0.4787788805291281,0.0609375
60.1785032749176,0.8198531850160409,251056.578125,0.4644126333333333,0.4787788805291281,0.0609375
60.23552465438843,0.8194473516645983,251305.3125,0.463882,0.47461221386246144,0.0578125
60.29011106491089,0.819370276038046,251352.59375,0.4637811333333333,0.4827812018738915,0.0578125
60.35162401199341,0.8217929835051264,249872.765625,0.4669381,0.48486453520722483,0.05625
60.41125464439392,0.8189673968699878,251599.953125,0.46325343333333335,0.4994478685405581,0.05625
